device_name,datetime,pos_uncertainty,distance,location,neighborhood
ARTYIPAL,2/2/2023 13:04,9,6.948846425,1,Jericho
ARTYIPAL,2/2/2023 13:04,9,6.948846425,1,Jericho
ARTYIPAL,2/2/2023 13:04,9,6.948846425,1,Jericho
ARTYIPAL,2/2/2023 13:04,9,6.948846425,1,Jericho
ARTYIPAL,2/2/2023 13:04,9,6.948846425,1,Jericho
ARTYIPAL,2/2/2023 13:04,9,6.948846425,1,Jericho
ARTYIPAL,2/2/2023 13:04,8,6.948846425,1,Jericho
ARTYIPAL,2/2/2023 13:04,9,6.948846425,1,Jericho
ARTYIPAL,2/2/2023 13:04,9,6.948846425,1,Jericho
ARTYIPAL,2/2/2023 13:04,9,6.948846425,1,Jericho
ARTYIPAL,2/2/2023 13:04,9,6.948846425,1,Jericho
ARTYIPAL,2/2/2023 13:04,9,6.948846425,1,Jericho
ARTYIPAL,2/2/2023 13:04,8,6.948846425,1,Jericho
ARTYIPAL,2/2/2023 13:04,9,6.948846425,1,Jericho
ARTYIPAL,2/2/2023 13:04,9,6.948846425,1,Jericho
ARTYIPAL,2/2/2023 13:04,9,6.948846425,1,Jericho
ARTYIPAL,2/2/2023 13:05,9,6.948846425,1,Jericho
ARTYIPAL,2/2/2023 13:05,8,6.948846425,1,Jericho
ARTYIPAL,2/2/2023 13:05,8,6.948846425,1,Jericho
ARTYIPAL,2/2/2023 13:05,9,6.948846425,1,Jericho
ARTYIPAL,2/2/2023 13:05,9,6.948846425,1,Jericho
ARTYIPAL,2/2/2023 13:05,9,6.948846425,1,Jericho
ARTYIPAL,2/2/2023 13:05,9,6.948846425,1,Jericho
ARTYIPAL,2/2/2023 13:05,9,6.948846425,1,Jericho
ARTYIPAL,2/2/2023 13:05,9,6.948846425,1,Jericho
ARTYIPAL,2/2/2023 13:05,9,6.948846425,1,Jericho
ARTYIPAL,2/2/2023 13:05,9,6.948846425,1,Jericho
ARTYIPAL,2/2/2023 13:05,9,6.948846425,1,Jericho
ARTYIPAL,2/2/2023 13:05,9,6.948846425,1,Jericho
ARTYIPAL,2/2/2023 13:06,15,20.60000518,1,Jericho
ARTYIPAL,2/2/2023 13:06,15,20.60000518,1,Jericho
ARTYIPAL,2/2/2023 13:06,10,7.563462226,1,Jericho
ARTYIPAL,2/2/2023 13:06,9,7.563462226,1,Jericho
ARTYIPAL,2/2/2023 13:06,9,7.563462226,1,Jericho
ARTYIPAL,2/2/2023 13:06,9,7.563462226,1,Jericho
ARTYIPAL,2/2/2023 13:06,9,7.563462226,1,Jericho
ARTYIPAL,2/2/2023 13:06,8,7.563462226,1,Jericho
ARTYIPAL,2/2/2023 13:06,8,7.563462226,1,Jericho
ARTYIPAL,2/2/2023 13:06,9,7.563462226,1,Jericho
ARTYIPAL,2/2/2023 13:07,8,7.563462226,1,Jericho
ARTYIPAL,2/2/2023 13:07,9,7.563462226,1,Jericho
ARTYIPAL,2/2/2023 13:07,9,7.563462226,1,Jericho
ARTYIPAL,2/2/2023 13:07,9,7.563462226,1,Jericho
ARTYIPAL,2/2/2023 13:07,9,7.563462226,1,Jericho
ARTYIPAL,2/2/2023 13:07,9,7.563462226,1,Jericho
ARTYIPAL,2/2/2023 13:07,8,7.563462226,1,Jericho
ARTYIPAL,2/2/2023 13:07,8,7.563462226,1,Jericho
ARTYIPAL,2/2/2023 13:07,8,7.563462226,1,Jericho
ARTYIPAL,2/2/2023 13:07,9,7.563462226,1,Jericho
ARTYIPAL,2/2/2023 13:07,8,7.563462226,1,Jericho
ARTYIPAL,2/2/2023 13:07,9,7.563462226,1,Jericho
ARTYIPAL,2/2/2023 13:07,9,7.563462226,1,Jericho
ARTYIPAL,2/2/2023 13:07,9,7.563462226,1,Jericho
ARTYIPAL,2/2/2023 13:07,9,7.563462226,1,Jericho
ARTYIPAL,2/2/2023 13:07,9,7.563462226,1,Jericho
ARTYIPAL,2/2/2023 13:08,9,7.563462226,1,Jericho
ARTYIPAL,2/2/2023 13:08,9,7.563462226,1,Jericho
ARTYIPAL,2/2/2023 13:08,8,7.563462226,1,Jericho
ARTYIPAL,2/2/2023 13:08,8,7.563462226,1,Jericho
ARTYIPAL,2/2/2023 13:08,9,7.563462226,1,Jericho
ARTYIPAL,2/2/2023 13:08,9,7.563462226,1,Jericho
ARTYIPAL,2/2/2023 13:08,9,7.563462226,1,Jericho
ARTYIPAL,2/2/2023 13:08,9,7.563462226,1,Jericho
ARTYIPAL,2/2/2023 13:08,9,7.563462226,1,Jericho
ARTYIPAL,2/2/2023 13:08,9,7.563462226,1,Jericho
ARTYIPAL,2/2/2023 13:08,9,7.563462226,1,Jericho
ARTYIPAL,2/2/2023 13:08,9,7.563462226,1,Jericho
ARTYIPAL,2/2/2023 13:08,9,7.563462226,1,Jericho
ARTYIPAL,2/2/2023 13:08,9,7.563462226,1,Jericho
ARTYIPAL,2/2/2023 13:08,9,7.563462226,1,Jericho
ARTYIPAL,2/2/2023 13:08,9,7.563462226,1,Jericho
ECSFFIUV,2/2/2023 13:04,8,11.36652453,1,Jericho
ECSFFIUV,2/2/2023 13:04,8,11.36652453,1,Jericho
ECSFFIUV,2/2/2023 13:04,9,11.36652453,1,Jericho
ECSFFIUV,2/2/2023 13:04,8,11.36652453,1,Jericho
ECSFFIUV,2/2/2023 13:04,8,11.36652453,1,Jericho
ECSFFIUV,2/2/2023 13:04,9,11.36652453,1,Jericho
ECSFFIUV,2/2/2023 13:04,9,11.36652453,1,Jericho
ECSFFIUV,2/2/2023 13:04,8,11.36652453,1,Jericho
ECSFFIUV,2/2/2023 13:04,8,11.36652453,1,Jericho
ECSFFIUV,2/2/2023 13:04,8,11.36652453,1,Jericho
ECSFFIUV,2/2/2023 13:04,8,11.36652453,1,Jericho
ECSFFIUV,2/2/2023 13:04,8,11.36652453,1,Jericho
ECSFFIUV,2/2/2023 13:04,8,11.36652453,1,Jericho
ECSFFIUV,2/2/2023 13:04,9,11.36652453,1,Jericho
ECSFFIUV,2/2/2023 13:04,9,11.36652453,1,Jericho
ECSFFIUV,2/2/2023 13:05,9,11.36652453,1,Jericho
ECSFFIUV,2/2/2023 13:05,9,11.36652453,1,Jericho
ECSFFIUV,2/2/2023 13:05,9,11.36652453,1,Jericho
ECSFFIUV,2/2/2023 13:05,9,11.36652453,1,Jericho
ECSFFIUV,2/2/2023 13:05,9,11.36652453,1,Jericho
ECSFFIUV,2/2/2023 13:05,9,11.36652453,1,Jericho
ECSFFIUV,2/2/2023 13:05,8,11.36652453,1,Jericho
ECSFFIUV,2/2/2023 13:05,9,11.36652453,1,Jericho
ECSFFIUV,2/2/2023 13:05,8,11.36652453,1,Jericho
ECSFFIUV,2/2/2023 13:05,8,11.36652453,1,Jericho
ECSFFIUV,2/2/2023 13:05,8,11.36652453,1,Jericho
ECSFFIUV,2/2/2023 13:05,8,11.36652453,1,Jericho
ECSFFIUV,2/2/2023 13:05,9,11.36652453,1,Jericho
ECSFFIUV,2/2/2023 13:05,7,11.36652453,1,Jericho
ECSFFIUV,2/2/2023 13:05,8,11.36652453,1,Jericho
ECSFFIUV,2/2/2023 13:06,8,11.36652453,1,Jericho
ECSFFIUV,2/2/2023 13:06,8,11.36652453,1,Jericho
ECSFFIUV,2/2/2023 13:06,8,11.36652453,1,Jericho
ECSFFIUV,2/2/2023 13:06,8,11.36652453,1,Jericho
ECSFFIUV,2/2/2023 13:06,8,11.36652453,1,Jericho
ECSFFIUV,2/2/2023 13:06,8,11.36652453,1,Jericho
ECSFFIUV,2/2/2023 13:06,8,11.36652453,1,Jericho
ECSFFIUV,2/2/2023 13:06,8,11.36652453,1,Jericho
ECSFFIUV,2/2/2023 13:06,7,11.36652453,1,Jericho
ECSFFIUV,2/2/2023 13:06,7,11.36652453,1,Jericho
ECSFFIUV,2/2/2023 13:06,8,11.36652453,1,Jericho
ECSFFIUV,2/2/2023 13:06,8,11.36652453,1,Jericho
ECSFFIUV,2/2/2023 13:06,8,11.36652453,1,Jericho
ECSFFIUV,2/2/2023 13:06,8,11.36652453,1,Jericho
ECSFFIUV,2/2/2023 13:06,8,11.36652453,1,Jericho
ECSFFIUV,2/2/2023 13:06,8,11.36652453,1,Jericho
ECSFFIUV,2/2/2023 13:07,8,11.36652453,1,Jericho
ECSFFIUV,2/2/2023 13:07,7,11.36652453,1,Jericho
ECSFFIUV,2/2/2023 13:07,8,11.36652453,1,Jericho
ECSFFIUV,2/2/2023 13:07,7,11.36652453,1,Jericho
ECSFFIUV,2/2/2023 13:07,8,11.36652453,1,Jericho
ECSFFIUV,2/2/2023 13:07,8,11.36652453,1,Jericho
ECSFFIUV,2/2/2023 13:07,8,11.36652453,1,Jericho
ECSFFIUV,2/2/2023 13:07,8,11.36652453,1,Jericho
ECSFFIUV,2/2/2023 13:07,9,11.36652453,1,Jericho
ECSFFIUV,2/2/2023 13:07,8,11.36652453,1,Jericho
ECSFFIUV,2/2/2023 13:07,8,11.36652453,1,Jericho
ECSFFIUV,2/2/2023 13:07,8,11.36652453,1,Jericho
ECSFFIUV,2/2/2023 13:07,8,11.36652453,1,Jericho
ECSFFIUV,2/2/2023 13:07,8,11.36652453,1,Jericho
ECSFFIUV,2/2/2023 13:07,8,11.36652453,1,Jericho
ECSFFIUV,2/2/2023 13:07,8,11.36652453,1,Jericho
ECSFFIUV,2/2/2023 13:08,8,11.36652453,1,Jericho
ECSFFIUV,2/2/2023 13:08,8,11.36652453,1,Jericho
ECSFFIUV,2/2/2023 13:08,8,11.36652453,1,Jericho
ECSFFIUV,2/2/2023 13:08,8,11.36652453,1,Jericho
ECSFFIUV,2/2/2023 13:08,8,11.36652453,1,Jericho
ECSFFIUV,2/2/2023 13:08,8,11.36652453,1,Jericho
ECSFFIUV,2/2/2023 13:08,8,11.36652453,1,Jericho
ECSFFIUV,2/2/2023 13:08,8,2.997317625,1,Jericho
ECSFFIUV,2/2/2023 13:08,14,1.96917304,1,Jericho
SGMUJTSX,2/2/2023 13:04,8,10.0173512,1,Jericho
SGMUJTSX,2/2/2023 13:04,8,10.0173512,1,Jericho
SGMUJTSX,2/2/2023 13:04,8,10.0173512,1,Jericho
SGMUJTSX,2/2/2023 13:04,8,10.0173512,1,Jericho
SGMUJTSX,2/2/2023 13:04,8,10.0173512,1,Jericho
SGMUJTSX,2/2/2023 13:04,8,10.0173512,1,Jericho
SGMUJTSX,2/2/2023 13:04,8,10.0173512,1,Jericho
SGMUJTSX,2/2/2023 13:04,8,10.0173512,1,Jericho
SGMUJTSX,2/2/2023 13:04,8,10.0173512,1,Jericho
SGMUJTSX,2/2/2023 13:04,8,10.0173512,1,Jericho
SGMUJTSX,2/2/2023 13:04,11,10.0173512,1,Jericho
SGMUJTSX,2/2/2023 13:04,9,10.0173512,1,Jericho
SGMUJTSX,2/2/2023 13:04,9,10.0173512,1,Jericho
SGMUJTSX,2/2/2023 13:04,9,10.0173512,1,Jericho
SGMUJTSX,2/2/2023 13:04,9,10.0173512,1,Jericho
SGMUJTSX,2/2/2023 13:04,11,10.0173512,1,Jericho
SGMUJTSX,2/2/2023 13:05,9,10.0173512,1,Jericho
SGMUJTSX,2/2/2023 13:05,9,10.0173512,1,Jericho
SGMUJTSX,2/2/2023 13:05,8,10.0173512,1,Jericho
SGMUJTSX,2/2/2023 13:05,9,10.0173512,1,Jericho
SGMUJTSX,2/2/2023 13:05,9,10.0173512,1,Jericho
SGMUJTSX,2/2/2023 13:05,8,10.0173512,1,Jericho
SGMUJTSX,2/2/2023 13:05,8,10.0173512,1,Jericho
SGMUJTSX,2/2/2023 13:05,8,10.0173512,1,Jericho
SGMUJTSX,2/2/2023 13:05,8,10.0173512,1,Jericho
SGMUJTSX,2/2/2023 13:05,8,10.0173512,1,Jericho
SGMUJTSX,2/2/2023 13:05,9,10.0173512,1,Jericho
SGMUJTSX,2/2/2023 13:05,9,10.0173512,1,Jericho
SGMUJTSX,2/2/2023 13:05,9,10.0173512,1,Jericho
SGMUJTSX,2/2/2023 13:05,8,10.0173512,1,Jericho
SGMUJTSX,2/2/2023 13:06,9,10.0173512,1,Jericho
SGMUJTSX,2/2/2023 13:06,7,10.0173512,1,Jericho
SGMUJTSX,2/2/2023 13:06,8,10.0173512,1,Jericho
SGMUJTSX,2/2/2023 13:06,8,10.0173512,1,Jericho
SGMUJTSX,2/2/2023 13:06,7,10.0173512,1,Jericho
SGMUJTSX,2/2/2023 13:06,9,10.0173512,1,Jericho
SGMUJTSX,2/2/2023 13:06,7,10.0173512,1,Jericho
SGMUJTSX,2/2/2023 13:06,7,10.0173512,1,Jericho
SGMUJTSX,2/2/2023 13:07,13,4.898243617,1,Jericho
SGMUJTSX,2/2/2023 13:08,8,3.537745219,1,Jericho
SGMUJTSX,2/2/2023 13:08,16,10.12267877,1,Jericho
SGMUJTSX,2/2/2023 13:08,9,3.537745219,1,Jericho
SGMUJTSX,2/2/2023 13:08,8,3.537745219,1,Jericho
SGMUJTSX,2/2/2023 13:08,8,3.537745219,1,Jericho
SGMUJTSX,2/2/2023 13:08,8,3.537745219,1,Jericho
SGMUJTSX,2/2/2023 13:08,8,3.537745219,1,Jericho
SGMUJTSX,2/2/2023 13:08,8,3.537745219,1,Jericho
SGMUJTSX,2/2/2023 13:08,9,3.537745219,1,Jericho
SGMUJTSX,2/2/2023 13:08,9,3.537745219,1,Jericho
SGMUJTSX,2/2/2023 13:08,9,3.537745219,1,Jericho
SGMUJTSX,2/2/2023 13:08,9,3.537745219,1,Jericho
SGMUJTSX,2/2/2023 13:08,9,3.537745219,1,Jericho
SGMUJTSX,2/2/2023 13:08,10,3.537745219,1,Jericho
XUKLXPXF,2/2/2023 13:04,7,8.367713761,1,Jericho
XUKLXPXF,2/2/2023 13:04,7,8.367713761,1,Jericho
XUKLXPXF,2/2/2023 13:04,7,8.367713761,1,Jericho
XUKLXPXF,2/2/2023 13:04,7,8.367713761,1,Jericho
XUKLXPXF,2/2/2023 13:04,7,8.367713761,1,Jericho
XUKLXPXF,2/2/2023 13:04,8,8.367713761,1,Jericho
XUKLXPXF,2/2/2023 13:04,8,8.367713761,1,Jericho
XUKLXPXF,2/2/2023 13:04,8,8.367713761,1,Jericho
XUKLXPXF,2/2/2023 13:04,8,8.367713761,1,Jericho
XUKLXPXF,2/2/2023 13:04,8,8.367713761,1,Jericho
XUKLXPXF,2/2/2023 13:04,8,8.367713761,1,Jericho
XUKLXPXF,2/2/2023 13:04,8,8.367713761,1,Jericho
XUKLXPXF,2/2/2023 13:04,9,8.367713761,1,Jericho
XUKLXPXF,2/2/2023 13:04,9,8.367713761,1,Jericho
XUKLXPXF,2/2/2023 13:04,9,8.367713761,1,Jericho
XUKLXPXF,2/2/2023 13:05,9,8.367713761,1,Jericho
XUKLXPXF,2/2/2023 13:05,9,8.367713761,1,Jericho
XUKLXPXF,2/2/2023 13:05,9,8.367713761,1,Jericho
XUKLXPXF,2/2/2023 13:05,9,8.367713761,1,Jericho
XUKLXPXF,2/2/2023 13:05,9,8.367713761,1,Jericho
XUKLXPXF,2/2/2023 13:05,9,8.367713761,1,Jericho
XUKLXPXF,2/2/2023 13:05,8,8.367713761,1,Jericho
XUKLXPXF,2/2/2023 13:05,8,8.367713761,1,Jericho
XUKLXPXF,2/2/2023 13:05,8,8.367713761,1,Jericho
XUKLXPXF,2/2/2023 13:05,8,8.367713761,1,Jericho
XUKLXPXF,2/2/2023 13:05,8,8.367713761,1,Jericho
XUKLXPXF,2/2/2023 13:05,8,8.367713761,1,Jericho
XUKLXPXF,2/2/2023 13:05,8,8.367713761,1,Jericho
XUKLXPXF,2/2/2023 13:05,8,8.367713761,1,Jericho
XUKLXPXF,2/2/2023 13:05,7,8.367713761,1,Jericho
XUKLXPXF,2/2/2023 13:05,8,8.367713761,1,Jericho
XUKLXPXF,2/2/2023 13:06,8,8.367713761,1,Jericho
XUKLXPXF,2/2/2023 13:06,8,8.367713761,1,Jericho
XUKLXPXF,2/2/2023 13:06,8,8.367713761,1,Jericho
XUKLXPXF,2/2/2023 13:06,7,8.367713761,1,Jericho
XUKLXPXF,2/2/2023 13:06,7,8.367713761,1,Jericho
XUKLXPXF,2/2/2023 13:06,7,8.367713761,1,Jericho
XUKLXPXF,2/2/2023 13:06,8,8.367713761,1,Jericho
XUKLXPXF,2/2/2023 13:06,7,8.367713761,1,Jericho
XUKLXPXF,2/2/2023 13:06,8,8.367713761,1,Jericho
XUKLXPXF,2/2/2023 13:06,8,8.367713761,1,Jericho
XUKLXPXF,2/2/2023 13:06,8,8.367713761,1,Jericho
XUKLXPXF,2/2/2023 13:06,8,8.367713761,1,Jericho
XUKLXPXF,2/2/2023 13:06,8,8.367713761,1,Jericho
XUKLXPXF,2/2/2023 13:06,7,8.367713761,1,Jericho
XUKLXPXF,2/2/2023 13:06,8,8.367713761,1,Jericho
XUKLXPXF,2/2/2023 13:06,7,8.367713761,1,Jericho
XUKLXPXF,2/2/2023 13:07,8,8.367713761,1,Jericho
XUKLXPXF,2/2/2023 13:07,8,8.367713761,1,Jericho
XUKLXPXF,2/2/2023 13:07,8,8.367713761,1,Jericho
XUKLXPXF,2/2/2023 13:07,8,8.367713761,1,Jericho
XUKLXPXF,2/2/2023 13:07,8,8.367713761,1,Jericho
XUKLXPXF,2/2/2023 13:07,8,8.367713761,1,Jericho
XUKLXPXF,2/2/2023 13:07,8,8.367713761,1,Jericho
XUKLXPXF,2/2/2023 13:07,8,8.367713761,1,Jericho
XUKLXPXF,2/2/2023 13:07,8,8.367713761,1,Jericho
XUKLXPXF,2/2/2023 13:07,8,8.367713761,1,Jericho
XUKLXPXF,2/2/2023 13:07,8,8.367713761,1,Jericho
XUKLXPXF,2/2/2023 13:07,8,8.367713761,1,Jericho
XUKLXPXF,2/2/2023 13:07,8,8.367713761,1,Jericho
XUKLXPXF,2/2/2023 13:07,8,8.367713761,1,Jericho
XUKLXPXF,2/2/2023 13:07,8,8.367713761,1,Jericho
XUKLXPXF,2/2/2023 13:08,8,8.367713761,1,Jericho
XUKLXPXF,2/2/2023 13:08,8,8.367713761,1,Jericho
XUKLXPXF,2/2/2023 13:08,8,8.367713761,1,Jericho
XUKLXPXF,2/2/2023 13:08,8,8.367713761,1,Jericho
XUKLXPXF,2/2/2023 13:08,8,8.367713761,1,Jericho
XUKLXPXF,2/2/2023 13:08,8,8.367713761,1,Jericho
XUKLXPXF,2/2/2023 13:08,8,8.367713761,1,Jericho
XUKLXPXF,2/2/2023 13:08,8,8.367713761,1,Jericho
XUKLXPXF,2/2/2023 13:08,8,8.367713761,1,Jericho
XUKLXPXF,2/2/2023 13:08,8,8.367713761,1,Jericho
XUKLXPXF,2/2/2023 13:08,8,8.367713761,1,Jericho
XUKLXPXF,2/2/2023 13:08,8,8.367713761,1,Jericho
XUKLXPXF,2/2/2023 13:08,8,8.367713761,1,Jericho
XUKLXPXF,2/2/2023 13:08,8,8.367713761,1,Jericho
XUKLXPXF,2/2/2023 13:08,8,8.367713761,1,Jericho
XUKLXPXF,2/2/2023 13:08,8,8.367713761,1,Jericho
ARTYIPAL,2/2/2023 13:56,8,7.876869619,2i,Jericho
ARTYIPAL,2/2/2023 13:56,8,7.876869619,2i,Jericho
ARTYIPAL,2/2/2023 13:56,8,7.876869619,2i,Jericho
ARTYIPAL,2/2/2023 13:56,9,7.876869619,2i,Jericho
ARTYIPAL,2/2/2023 13:56,9,7.876869619,2i,Jericho
ARTYIPAL,2/2/2023 13:56,8,7.876869619,2i,Jericho
ARTYIPAL,2/2/2023 13:56,8,7.876869619,2i,Jericho
ARTYIPAL,2/2/2023 13:56,8,7.876869619,2i,Jericho
ARTYIPAL,2/2/2023 13:56,8,7.876869619,2i,Jericho
ARTYIPAL,2/2/2023 13:56,8,7.876869619,2i,Jericho
ARTYIPAL,2/2/2023 13:56,8,7.876869619,2i,Jericho
ARTYIPAL,2/2/2023 13:56,8,7.876869619,2i,Jericho
ARTYIPAL,2/2/2023 13:56,8,7.876869619,2i,Jericho
ARTYIPAL,2/2/2023 13:56,8,7.876869619,2i,Jericho
ARTYIPAL,2/2/2023 13:56,8,7.876869619,2i,Jericho
ARTYIPAL,2/2/2023 13:57,9,7.876869619,2i,Jericho
ARTYIPAL,2/2/2023 13:57,9,7.876869619,2i,Jericho
ARTYIPAL,2/2/2023 13:57,9,7.876869619,2i,Jericho
ARTYIPAL,2/2/2023 13:57,9,7.876869619,2i,Jericho
ARTYIPAL,2/2/2023 13:57,11,7.876869619,2i,Jericho
ARTYIPAL,2/2/2023 13:57,11,7.876869619,2i,Jericho
ARTYIPAL,2/2/2023 13:57,9,7.876869619,2i,Jericho
ARTYIPAL,2/2/2023 13:57,11,7.876869619,2i,Jericho
ARTYIPAL,2/2/2023 13:57,11,7.876869619,2i,Jericho
ARTYIPAL,2/2/2023 13:57,11,7.876869619,2i,Jericho
ARTYIPAL,2/2/2023 13:57,11,7.876869619,2i,Jericho
ARTYIPAL,2/2/2023 13:57,11,7.876869619,2i,Jericho
ARTYIPAL,2/2/2023 13:57,11,7.876869619,2i,Jericho
ARTYIPAL,2/2/2023 13:57,9,7.876869619,2i,Jericho
ARTYIPAL,2/2/2023 13:57,11,7.876869619,2i,Jericho
ARTYIPAL,2/2/2023 13:57,9,7.876869619,2i,Jericho
ARTYIPAL,2/2/2023 13:58,9,7.876869619,2i,Jericho
ARTYIPAL,2/2/2023 13:58,11,7.876869619,2i,Jericho
ARTYIPAL,2/2/2023 13:58,9,7.876869619,2i,Jericho
ARTYIPAL,2/2/2023 13:58,8,7.876869619,2i,Jericho
ARTYIPAL,2/2/2023 13:58,9,7.876869619,2i,Jericho
ARTYIPAL,2/2/2023 13:58,8,7.876869619,2i,Jericho
ARTYIPAL,2/2/2023 13:58,8,7.876869619,2i,Jericho
ARTYIPAL,2/2/2023 13:58,8,7.876869619,2i,Jericho
ARTYIPAL,2/2/2023 13:58,8,7.876869619,2i,Jericho
ARTYIPAL,2/2/2023 13:58,8,7.876869619,2i,Jericho
ARTYIPAL,2/2/2023 13:58,8,7.876869619,2i,Jericho
ARTYIPAL,2/2/2023 13:58,8,7.876869619,2i,Jericho
ARTYIPAL,2/2/2023 13:58,8,7.876869619,2i,Jericho
ARTYIPAL,2/2/2023 13:58,8,7.876869619,2i,Jericho
ARTYIPAL,2/2/2023 13:58,8,7.876869619,2i,Jericho
ARTYIPAL,2/2/2023 13:58,8,7.876869619,2i,Jericho
ARTYIPAL,2/2/2023 13:59,8,7.876869619,2i,Jericho
ARTYIPAL,2/2/2023 13:59,8,7.876869619,2i,Jericho
ARTYIPAL,2/2/2023 13:59,8,7.876869619,2i,Jericho
ARTYIPAL,2/2/2023 13:59,8,7.876869619,2i,Jericho
ARTYIPAL,2/2/2023 13:59,8,7.876869619,2i,Jericho
ARTYIPAL,2/2/2023 13:59,8,7.876869619,2i,Jericho
ARTYIPAL,2/2/2023 13:59,8,7.876869619,2i,Jericho
ARTYIPAL,2/2/2023 13:59,9,7.876869619,2i,Jericho
ARTYIPAL,2/2/2023 13:59,8,7.876869619,2i,Jericho
ARTYIPAL,2/2/2023 13:59,8,7.876869619,2i,Jericho
ARTYIPAL,2/2/2023 13:59,8,7.876869619,2i,Jericho
ARTYIPAL,2/2/2023 13:59,8,7.876869619,2i,Jericho
ARTYIPAL,2/2/2023 14:00,12,7.609707167,2i,Jericho
ARTYIPAL,2/2/2023 14:00,15,7.425840872,2i,Jericho
ARTYIPAL,2/2/2023 14:00,12,7.609707167,2i,Jericho
ARTYIPAL,2/2/2023 14:00,9,7.966897937,2i,Jericho
ARTYIPAL,2/2/2023 14:00,8,7.966897937,2i,Jericho
ARTYIPAL,2/2/2023 14:00,8,7.966897937,2i,Jericho
ARTYIPAL,2/2/2023 14:00,8,7.966897937,2i,Jericho
ARTYIPAL,2/2/2023 14:00,8,7.966897937,2i,Jericho
ARTYIPAL,2/2/2023 14:00,8,7.966897937,2i,Jericho
ARTYIPAL,2/2/2023 14:00,8,7.966897937,2i,Jericho
ECSFFIUV,2/2/2023 13:56,11,5.745967176,2i,Jericho
ECSFFIUV,2/2/2023 13:56,9,5.745967176,2i,Jericho
ECSFFIUV,2/2/2023 13:56,8,5.745967176,2i,Jericho
ECSFFIUV,2/2/2023 13:56,9,5.745967176,2i,Jericho
ECSFFIUV,2/2/2023 13:56,9,5.745967176,2i,Jericho
ECSFFIUV,2/2/2023 13:56,9,5.745967176,2i,Jericho
ECSFFIUV,2/2/2023 13:56,9,5.745967176,2i,Jericho
ECSFFIUV,2/2/2023 13:56,9,5.745967176,2i,Jericho
ECSFFIUV,2/2/2023 13:56,8,5.745967176,2i,Jericho
ECSFFIUV,2/2/2023 13:56,8,5.745967176,2i,Jericho
ECSFFIUV,2/2/2023 13:56,8,5.745967176,2i,Jericho
ECSFFIUV,2/2/2023 13:56,8,5.745967176,2i,Jericho
ECSFFIUV,2/2/2023 13:56,8,5.745967176,2i,Jericho
ECSFFIUV,2/2/2023 13:56,8,5.745967176,2i,Jericho
ECSFFIUV,2/2/2023 13:56,8,5.745967176,2i,Jericho
ECSFFIUV,2/2/2023 13:57,9,5.745967176,2i,Jericho
ECSFFIUV,2/2/2023 13:57,8,5.745967176,2i,Jericho
ECSFFIUV,2/2/2023 13:57,8,5.745967176,2i,Jericho
ECSFFIUV,2/2/2023 13:57,8,5.745967176,2i,Jericho
ECSFFIUV,2/2/2023 13:57,8,5.745967176,2i,Jericho
ECSFFIUV,2/2/2023 13:57,9,5.745967176,2i,Jericho
ECSFFIUV,2/2/2023 13:57,9,5.745967176,2i,Jericho
ECSFFIUV,2/2/2023 13:57,9,5.745967176,2i,Jericho
ECSFFIUV,2/2/2023 13:57,8,5.745967176,2i,Jericho
ECSFFIUV,2/2/2023 13:57,8,5.745967176,2i,Jericho
ECSFFIUV,2/2/2023 13:57,8,5.745967176,2i,Jericho
ECSFFIUV,2/2/2023 13:57,8,5.745967176,2i,Jericho
ECSFFIUV,2/2/2023 13:57,8,5.745967176,2i,Jericho
ECSFFIUV,2/2/2023 13:57,9,5.745967176,2i,Jericho
ECSFFIUV,2/2/2023 13:57,9,5.745967176,2i,Jericho
ECSFFIUV,2/2/2023 13:57,9,5.745967176,2i,Jericho
ECSFFIUV,2/2/2023 13:58,9,5.745967176,2i,Jericho
ECSFFIUV,2/2/2023 13:58,8,5.745967176,2i,Jericho
ECSFFIUV,2/2/2023 13:58,8,5.745967176,2i,Jericho
ECSFFIUV,2/2/2023 13:58,10,5.745967176,2i,Jericho
ECSFFIUV,2/2/2023 13:58,9,5.745967176,2i,Jericho
ECSFFIUV,2/2/2023 13:58,9,5.745967176,2i,Jericho
ECSFFIUV,2/2/2023 13:58,9,5.745967176,2i,Jericho
ECSFFIUV,2/2/2023 13:58,9,5.745967176,2i,Jericho
ECSFFIUV,2/2/2023 13:58,8,5.745967176,2i,Jericho
ECSFFIUV,2/2/2023 13:58,8,5.745967176,2i,Jericho
ECSFFIUV,2/2/2023 13:58,8,5.745967176,2i,Jericho
ECSFFIUV,2/2/2023 13:58,8,5.745967176,2i,Jericho
ECSFFIUV,2/2/2023 13:58,10,5.745967176,2i,Jericho
ECSFFIUV,2/2/2023 13:58,10,5.745967176,2i,Jericho
ECSFFIUV,2/2/2023 13:58,10,5.745967176,2i,Jericho
ECSFFIUV,2/2/2023 13:58,8,5.745967176,2i,Jericho
ECSFFIUV,2/2/2023 13:59,8,5.745967176,2i,Jericho
ECSFFIUV,2/2/2023 13:59,8,5.745967176,2i,Jericho
ECSFFIUV,2/2/2023 13:59,8,5.745967176,2i,Jericho
ECSFFIUV,2/2/2023 13:59,9,5.745967176,2i,Jericho
ECSFFIUV,2/2/2023 13:59,9,5.745967176,2i,Jericho
ECSFFIUV,2/2/2023 13:59,9,5.745967176,2i,Jericho
ECSFFIUV,2/2/2023 13:59,9,5.745967176,2i,Jericho
ECSFFIUV,2/2/2023 13:59,9,5.745967176,2i,Jericho
ECSFFIUV,2/2/2023 13:59,9,5.745967176,2i,Jericho
ECSFFIUV,2/2/2023 13:59,9,5.745967176,2i,Jericho
ECSFFIUV,2/2/2023 13:59,9,5.745967176,2i,Jericho
ECSFFIUV,2/2/2023 13:59,9,5.745967176,2i,Jericho
ECSFFIUV,2/2/2023 13:59,8,5.745967176,2i,Jericho
ECSFFIUV,2/2/2023 13:59,9,5.745967176,2i,Jericho
ECSFFIUV,2/2/2023 13:59,9,5.745967176,2i,Jericho
ECSFFIUV,2/2/2023 13:59,8,5.745967176,2i,Jericho
ECSFFIUV,2/2/2023 14:00,9,5.745967176,2i,Jericho
ECSFFIUV,2/2/2023 14:00,9,5.745967176,2i,Jericho
ECSFFIUV,2/2/2023 14:00,9,5.745967176,2i,Jericho
ECSFFIUV,2/2/2023 14:00,9,5.745967176,2i,Jericho
ECSFFIUV,2/2/2023 14:00,9,5.745967176,2i,Jericho
ECSFFIUV,2/2/2023 14:00,8,5.745967176,2i,Jericho
ECSFFIUV,2/2/2023 14:00,8,5.745967176,2i,Jericho
ECSFFIUV,2/2/2023 14:00,8,5.745967176,2i,Jericho
ECSFFIUV,2/2/2023 14:00,8,5.745967176,2i,Jericho
ECSFFIUV,2/2/2023 14:00,8,5.745967176,2i,Jericho
ECSFFIUV,2/2/2023 14:00,8,5.745967176,2i,Jericho
ECSFFIUV,2/2/2023 14:00,9,5.745967176,2i,Jericho
ECSFFIUV,2/2/2023 14:00,9,5.745967176,2i,Jericho
ECSFFIUV,2/2/2023 14:00,8,5.745967176,2i,Jericho
ECSFFIUV,2/2/2023 14:00,8,5.745967176,2i,Jericho
ECSFFIUV,2/2/2023 14:00,9,5.745967176,2i,Jericho
SGMUJTSX,2/2/2023 13:56,9,12.96277949,2i,Jericho
SGMUJTSX,2/2/2023 13:56,8,12.96277949,2i,Jericho
SGMUJTSX,2/2/2023 13:56,9,12.96277949,2i,Jericho
SGMUJTSX,2/2/2023 13:56,8,12.96277949,2i,Jericho
SGMUJTSX,2/2/2023 13:56,9,12.96277949,2i,Jericho
SGMUJTSX,2/2/2023 13:56,9,12.96277949,2i,Jericho
SGMUJTSX,2/2/2023 13:56,8,12.96277949,2i,Jericho
SGMUJTSX,2/2/2023 13:56,9,12.96277949,2i,Jericho
SGMUJTSX,2/2/2023 13:56,9,12.96277949,2i,Jericho
SGMUJTSX,2/2/2023 13:56,8,12.96277949,2i,Jericho
SGMUJTSX,2/2/2023 13:56,8,12.96277949,2i,Jericho
SGMUJTSX,2/2/2023 13:56,8,12.96277949,2i,Jericho
SGMUJTSX,2/2/2023 13:56,8,12.96277949,2i,Jericho
SGMUJTSX,2/2/2023 13:56,8,12.96277949,2i,Jericho
SGMUJTSX,2/2/2023 13:56,8,12.96277949,2i,Jericho
SGMUJTSX,2/2/2023 13:57,8,12.96277949,2i,Jericho
SGMUJTSX,2/2/2023 13:57,9,12.96277949,2i,Jericho
SGMUJTSX,2/2/2023 13:57,10,12.96277949,2i,Jericho
SGMUJTSX,2/2/2023 13:57,10,12.96277949,2i,Jericho
SGMUJTSX,2/2/2023 13:57,10,12.96277949,2i,Jericho
SGMUJTSX,2/2/2023 13:57,9,12.96277949,2i,Jericho
SGMUJTSX,2/2/2023 13:57,9,12.96277949,2i,Jericho
SGMUJTSX,2/2/2023 13:57,11,12.96277949,2i,Jericho
SGMUJTSX,2/2/2023 13:57,9,12.96277949,2i,Jericho
SGMUJTSX,2/2/2023 13:57,11,12.96277949,2i,Jericho
SGMUJTSX,2/2/2023 13:57,11,12.96277949,2i,Jericho
SGMUJTSX,2/2/2023 13:57,11,12.96277949,2i,Jericho
SGMUJTSX,2/2/2023 13:57,9,12.96277949,2i,Jericho
SGMUJTSX,2/2/2023 13:57,9,12.96277949,2i,Jericho
SGMUJTSX,2/2/2023 13:57,8,12.96277949,2i,Jericho
SGMUJTSX,2/2/2023 13:57,9,12.96277949,2i,Jericho
SGMUJTSX,2/2/2023 13:58,14,12.96277949,2i,Jericho
SGMUJTSX,2/2/2023 13:58,14,12.96277949,2i,Jericho
SGMUJTSX,2/2/2023 13:58,9,12.96277949,2i,Jericho
SGMUJTSX,2/2/2023 13:58,9,12.96277949,2i,Jericho
SGMUJTSX,2/2/2023 13:58,9,12.96277949,2i,Jericho
SGMUJTSX,2/2/2023 13:58,10,12.96277949,2i,Jericho
SGMUJTSX,2/2/2023 13:58,14,12.96277949,2i,Jericho
SGMUJTSX,2/2/2023 13:58,14,12.96277949,2i,Jericho
SGMUJTSX,2/2/2023 13:58,8,12.96277949,2i,Jericho
SGMUJTSX,2/2/2023 13:58,8,12.96277949,2i,Jericho
SGMUJTSX,2/2/2023 13:58,9,12.96277949,2i,Jericho
SGMUJTSX,2/2/2023 13:58,8,12.96277949,2i,Jericho
SGMUJTSX,2/2/2023 13:58,8,12.96277949,2i,Jericho
SGMUJTSX,2/2/2023 13:58,8,12.96277949,2i,Jericho
SGMUJTSX,2/2/2023 13:59,8,12.96277949,2i,Jericho
SGMUJTSX,2/2/2023 13:59,8,12.96277949,2i,Jericho
SGMUJTSX,2/2/2023 13:59,11,12.96277949,2i,Jericho
SGMUJTSX,2/2/2023 13:59,8,12.96277949,2i,Jericho
SGMUJTSX,2/2/2023 13:59,8,12.96277949,2i,Jericho
SGMUJTSX,2/2/2023 13:59,8,12.96277949,2i,Jericho
SGMUJTSX,2/2/2023 13:59,8,12.96277949,2i,Jericho
SGMUJTSX,2/2/2023 13:59,8,12.96277949,2i,Jericho
SGMUJTSX,2/2/2023 13:59,8,12.96277949,2i,Jericho
SGMUJTSX,2/2/2023 13:59,8,12.96277949,2i,Jericho
SGMUJTSX,2/2/2023 13:59,8,12.96277949,2i,Jericho
SGMUJTSX,2/2/2023 13:59,8,12.96277949,2i,Jericho
SGMUJTSX,2/2/2023 13:59,8,12.96277949,2i,Jericho
SGMUJTSX,2/2/2023 13:59,8,12.96277949,2i,Jericho
XUKLXPXF,2/2/2023 13:56,15,10.20664778,2i,Jericho
XUKLXPXF,2/2/2023 13:56,14,12.19881116,2i,Jericho
XUKLXPXF,2/2/2023 13:56,11,12.19881116,2i,Jericho
XUKLXPXF,2/2/2023 13:56,11,12.19881116,2i,Jericho
XUKLXPXF,2/2/2023 13:56,11,12.19881116,2i,Jericho
XUKLXPXF,2/2/2023 13:56,11,12.19881116,2i,Jericho
XUKLXPXF,2/2/2023 13:56,14,12.19881116,2i,Jericho
XUKLXPXF,2/2/2023 13:56,10,12.19881116,2i,Jericho
XUKLXPXF,2/2/2023 13:56,10,12.19881116,2i,Jericho
XUKLXPXF,2/2/2023 13:56,10,12.19881116,2i,Jericho
XUKLXPXF,2/2/2023 13:56,10,12.19881116,2i,Jericho
XUKLXPXF,2/2/2023 13:56,9,12.19881116,2i,Jericho
XUKLXPXF,2/2/2023 13:57,9,12.19881116,2i,Jericho
XUKLXPXF,2/2/2023 13:57,8,12.19881116,2i,Jericho
XUKLXPXF,2/2/2023 13:57,9,12.19881116,2i,Jericho
XUKLXPXF,2/2/2023 13:57,9,12.19881116,2i,Jericho
XUKLXPXF,2/2/2023 13:57,11,12.19881116,2i,Jericho
XUKLXPXF,2/2/2023 13:57,9,12.19881116,2i,Jericho
XUKLXPXF,2/2/2023 13:57,10,12.19881116,2i,Jericho
XUKLXPXF,2/2/2023 13:57,10,12.19881116,2i,Jericho
XUKLXPXF,2/2/2023 13:57,10,12.19881116,2i,Jericho
XUKLXPXF,2/2/2023 13:57,10,12.19881116,2i,Jericho
XUKLXPXF,2/2/2023 13:57,11,12.19881116,2i,Jericho
XUKLXPXF,2/2/2023 13:57,11,12.19881116,2i,Jericho
XUKLXPXF,2/2/2023 13:57,9,12.19881116,2i,Jericho
XUKLXPXF,2/2/2023 13:57,9,12.19881116,2i,Jericho
XUKLXPXF,2/2/2023 13:57,11,12.19881116,2i,Jericho
XUKLXPXF,2/2/2023 13:57,11,12.19881116,2i,Jericho
XUKLXPXF,2/2/2023 13:58,9,12.19881116,2i,Jericho
XUKLXPXF,2/2/2023 13:58,9,12.19881116,2i,Jericho
XUKLXPXF,2/2/2023 13:58,9,12.19881116,2i,Jericho
XUKLXPXF,2/2/2023 13:58,9,12.19881116,2i,Jericho
XUKLXPXF,2/2/2023 13:58,8,12.19881116,2i,Jericho
XUKLXPXF,2/2/2023 13:58,9,12.19881116,2i,Jericho
XUKLXPXF,2/2/2023 13:58,8,12.19881116,2i,Jericho
XUKLXPXF,2/2/2023 13:58,8,12.19881116,2i,Jericho
XUKLXPXF,2/2/2023 13:58,8,12.19881116,2i,Jericho
XUKLXPXF,2/2/2023 13:58,8,12.19881116,2i,Jericho
XUKLXPXF,2/2/2023 13:58,9,12.19881116,2i,Jericho
XUKLXPXF,2/2/2023 13:58,9,12.19881116,2i,Jericho
XUKLXPXF,2/2/2023 13:58,9,12.19881116,2i,Jericho
XUKLXPXF,2/2/2023 13:58,9,12.19881116,2i,Jericho
XUKLXPXF,2/2/2023 13:58,9,12.19881116,2i,Jericho
XUKLXPXF,2/2/2023 13:58,9,12.19881116,2i,Jericho
XUKLXPXF,2/2/2023 13:59,9,12.19881116,2i,Jericho
XUKLXPXF,2/2/2023 13:59,11,12.19881116,2i,Jericho
XUKLXPXF,2/2/2023 13:59,11,12.19881116,2i,Jericho
XUKLXPXF,2/2/2023 13:59,11,12.19881116,2i,Jericho
XUKLXPXF,2/2/2023 13:59,11,12.19881116,2i,Jericho
XUKLXPXF,2/2/2023 13:59,11,12.19881116,2i,Jericho
XUKLXPXF,2/2/2023 13:59,11,12.19881116,2i,Jericho
XUKLXPXF,2/2/2023 13:59,9,12.19881116,2i,Jericho
XUKLXPXF,2/2/2023 13:59,9,12.19881116,2i,Jericho
XUKLXPXF,2/2/2023 13:59,9,12.19881116,2i,Jericho
XUKLXPXF,2/2/2023 13:59,9,12.19881116,2i,Jericho
XUKLXPXF,2/2/2023 13:59,11,12.19881116,2i,Jericho
XUKLXPXF,2/2/2023 13:59,11,12.19881116,2i,Jericho
XUKLXPXF,2/2/2023 13:59,11,12.19881116,2i,Jericho
XUKLXPXF,2/2/2023 13:59,11,12.19881116,2i,Jericho
XUKLXPXF,2/2/2023 13:59,11,12.19881116,2i,Jericho
XUKLXPXF,2/2/2023 14:00,11,12.19881116,2i,Jericho
XUKLXPXF,2/2/2023 14:00,14,12.19881116,2i,Jericho
XUKLXPXF,2/2/2023 14:00,14,12.19881116,2i,Jericho
XUKLXPXF,2/2/2023 14:00,9,12.19881116,2i,Jericho
XUKLXPXF,2/2/2023 14:00,8,12.19881116,2i,Jericho
XUKLXPXF,2/2/2023 14:00,11,12.19881116,2i,Jericho
XUKLXPXF,2/2/2023 14:00,11,12.19881116,2i,Jericho
XUKLXPXF,2/2/2023 14:00,9,12.19881116,2i,Jericho
XUKLXPXF,2/2/2023 14:00,9,12.19881116,2i,Jericho
XUKLXPXF,2/2/2023 14:00,11,12.19881116,2i,Jericho
XUKLXPXF,2/2/2023 14:00,9,12.19881116,2i,Jericho
XUKLXPXF,2/2/2023 14:00,8,12.19881116,2i,Jericho
XUKLXPXF,2/2/2023 14:00,8,12.19881116,2i,Jericho
XUKLXPXF,2/2/2023 14:00,8,12.19881116,2i,Jericho
ARTYIPAL,2/2/2023 12:39,7,11.10108735,2ii,Jericho
ARTYIPAL,2/2/2023 12:39,7,11.10108735,2ii,Jericho
ARTYIPAL,2/2/2023 12:39,8,11.10108735,2ii,Jericho
ARTYIPAL,2/2/2023 12:39,8,11.10108735,2ii,Jericho
ARTYIPAL,2/2/2023 12:39,7,11.10108735,2ii,Jericho
ARTYIPAL,2/2/2023 12:39,7,11.10108735,2ii,Jericho
ARTYIPAL,2/2/2023 12:39,7,11.10108735,2ii,Jericho
ARTYIPAL,2/2/2023 12:39,7,11.10108735,2ii,Jericho
ARTYIPAL,2/2/2023 12:39,7,11.10108735,2ii,Jericho
ARTYIPAL,2/2/2023 12:39,7,11.10108735,2ii,Jericho
ARTYIPAL,2/2/2023 12:39,8,11.10108735,2ii,Jericho
ARTYIPAL,2/2/2023 12:39,8,11.10108735,2ii,Jericho
ARTYIPAL,2/2/2023 12:39,8,11.10108735,2ii,Jericho
ARTYIPAL,2/2/2023 12:39,9,11.10108735,2ii,Jericho
ARTYIPAL,2/2/2023 12:39,8,11.10108735,2ii,Jericho
ARTYIPAL,2/2/2023 12:40,8,11.10108735,2ii,Jericho
ARTYIPAL,2/2/2023 12:40,8,11.10108735,2ii,Jericho
ARTYIPAL,2/2/2023 12:40,7,11.10108735,2ii,Jericho
ARTYIPAL,2/2/2023 12:40,7,11.10108735,2ii,Jericho
ARTYIPAL,2/2/2023 12:40,8,11.10108735,2ii,Jericho
ARTYIPAL,2/2/2023 12:40,7,11.10108735,2ii,Jericho
ARTYIPAL,2/2/2023 12:40,7,11.10108735,2ii,Jericho
ARTYIPAL,2/2/2023 12:40,7,11.10108735,2ii,Jericho
ARTYIPAL,2/2/2023 12:40,7,11.10108735,2ii,Jericho
ARTYIPAL,2/2/2023 12:40,8,11.10108735,2ii,Jericho
ARTYIPAL,2/2/2023 12:40,7,11.10108735,2ii,Jericho
ARTYIPAL,2/2/2023 12:40,8,11.10108735,2ii,Jericho
ARTYIPAL,2/2/2023 12:40,7,11.10108735,2ii,Jericho
ARTYIPAL,2/2/2023 12:40,9,11.10108735,2ii,Jericho
ARTYIPAL,2/2/2023 12:40,8,11.10108735,2ii,Jericho
ARTYIPAL,2/2/2023 12:40,9,11.10108735,2ii,Jericho
ARTYIPAL,2/2/2023 12:41,9,11.10108735,2ii,Jericho
ARTYIPAL,2/2/2023 12:41,7,11.10108735,2ii,Jericho
ARTYIPAL,2/2/2023 12:41,7,11.10108735,2ii,Jericho
ARTYIPAL,2/2/2023 12:41,8,11.10108735,2ii,Jericho
ARTYIPAL,2/2/2023 12:41,8,11.10108735,2ii,Jericho
ARTYIPAL,2/2/2023 12:41,8,11.10108735,2ii,Jericho
ARTYIPAL,2/2/2023 12:41,8,11.10108735,2ii,Jericho
ARTYIPAL,2/2/2023 12:41,8,11.10108735,2ii,Jericho
ARTYIPAL,2/2/2023 12:41,8,11.10108735,2ii,Jericho
ARTYIPAL,2/2/2023 12:41,8,11.10108735,2ii,Jericho
ARTYIPAL,2/2/2023 12:41,8,11.00308372,2ii,Jericho
ARTYIPAL,2/2/2023 12:41,8,11.00308372,2ii,Jericho
ARTYIPAL,2/2/2023 12:41,8,11.00308372,2ii,Jericho
ARTYIPAL,2/2/2023 12:41,8,11.00308372,2ii,Jericho
ARTYIPAL,2/2/2023 12:41,9,11.00308372,2ii,Jericho
ARTYIPAL,2/2/2023 12:41,8,11.00308372,2ii,Jericho
ARTYIPAL,2/2/2023 12:42,8,11.00308372,2ii,Jericho
ARTYIPAL,2/2/2023 12:42,8,11.00308372,2ii,Jericho
ARTYIPAL,2/2/2023 12:42,8,11.00308372,2ii,Jericho
ARTYIPAL,2/2/2023 12:42,8,11.00308372,2ii,Jericho
ARTYIPAL,2/2/2023 12:42,9,11.00308372,2ii,Jericho
ARTYIPAL,2/2/2023 12:42,8,11.00308372,2ii,Jericho
ARTYIPAL,2/2/2023 12:42,8,11.00308372,2ii,Jericho
ARTYIPAL,2/2/2023 12:42,8,11.00308372,2ii,Jericho
ARTYIPAL,2/2/2023 12:42,8,11.00308372,2ii,Jericho
ARTYIPAL,2/2/2023 12:42,9,11.00308372,2ii,Jericho
ARTYIPAL,2/2/2023 12:42,8,11.00308372,2ii,Jericho
ARTYIPAL,2/2/2023 12:42,8,11.00308372,2ii,Jericho
ARTYIPAL,2/2/2023 12:42,8,11.00308372,2ii,Jericho
ARTYIPAL,2/2/2023 12:42,8,11.00308372,2ii,Jericho
ARTYIPAL,2/2/2023 12:42,8,11.00308372,2ii,Jericho
ARTYIPAL,2/2/2023 12:42,8,11.00308372,2ii,Jericho
ARTYIPAL,2/2/2023 12:43,8,11.00308372,2ii,Jericho
ARTYIPAL,2/2/2023 12:43,9,11.00308372,2ii,Jericho
ARTYIPAL,2/2/2023 12:43,8,11.00308372,2ii,Jericho
ARTYIPAL,2/2/2023 12:43,7,11.00308372,2ii,Jericho
ARTYIPAL,2/2/2023 12:43,7,11.00308372,2ii,Jericho
ARTYIPAL,2/2/2023 12:43,10,11.00308372,2ii,Jericho
ARTYIPAL,2/2/2023 12:43,10,11.00308372,2ii,Jericho
ARTYIPAL,2/2/2023 12:43,9,11.00308372,2ii,Jericho
ARTYIPAL,2/2/2023 12:43,8,11.00308372,2ii,Jericho
ARTYIPAL,2/2/2023 12:43,7,11.00308372,2ii,Jericho
ARTYIPAL,2/2/2023 12:43,7,11.00308372,2ii,Jericho
ARTYIPAL,2/2/2023 12:43,8,11.00308372,2ii,Jericho
ARTYIPAL,2/2/2023 12:43,8,11.00308372,2ii,Jericho
ARTYIPAL,2/2/2023 12:43,9,11.00308372,2ii,Jericho
ARTYIPAL,2/2/2023 12:43,9,11.00308372,2ii,Jericho
ARTYIPAL,2/2/2023 12:43,8,11.00308372,2ii,Jericho
ECSFFIUV,2/2/2023 12:39,7,4.569161757,2ii,Jericho
ECSFFIUV,2/2/2023 12:39,8,4.569161757,2ii,Jericho
ECSFFIUV,2/2/2023 12:39,8,4.569161757,2ii,Jericho
ECSFFIUV,2/2/2023 12:39,8,4.569161757,2ii,Jericho
ECSFFIUV,2/2/2023 12:39,8,4.569161757,2ii,Jericho
ECSFFIUV,2/2/2023 12:39,9,4.569161757,2ii,Jericho
ECSFFIUV,2/2/2023 12:39,8,4.569161757,2ii,Jericho
ECSFFIUV,2/2/2023 12:39,9,4.569161757,2ii,Jericho
ECSFFIUV,2/2/2023 12:39,9,4.569161757,2ii,Jericho
ECSFFIUV,2/2/2023 12:39,8,4.569161757,2ii,Jericho
ECSFFIUV,2/2/2023 12:39,8,4.569161757,2ii,Jericho
ECSFFIUV,2/2/2023 12:39,8,4.569161757,2ii,Jericho
ECSFFIUV,2/2/2023 12:39,9,4.569161757,2ii,Jericho
ECSFFIUV,2/2/2023 12:39,8,4.569161757,2ii,Jericho
ECSFFIUV,2/2/2023 12:39,8,4.569161757,2ii,Jericho
ECSFFIUV,2/2/2023 12:40,8,4.569161757,2ii,Jericho
ECSFFIUV,2/2/2023 12:40,8,4.569161757,2ii,Jericho
ECSFFIUV,2/2/2023 12:40,8,4.569161757,2ii,Jericho
ECSFFIUV,2/2/2023 12:40,8,4.569161757,2ii,Jericho
ECSFFIUV,2/2/2023 12:40,8,4.569161757,2ii,Jericho
ECSFFIUV,2/2/2023 12:40,8,4.569161757,2ii,Jericho
ECSFFIUV,2/2/2023 12:40,8,4.569161757,2ii,Jericho
ECSFFIUV,2/2/2023 12:40,8,4.569161757,2ii,Jericho
ECSFFIUV,2/2/2023 12:40,8,4.569161757,2ii,Jericho
ECSFFIUV,2/2/2023 12:40,8,4.569161757,2ii,Jericho
ECSFFIUV,2/2/2023 12:40,8,4.569161757,2ii,Jericho
ECSFFIUV,2/2/2023 12:40,8,4.569161757,2ii,Jericho
ECSFFIUV,2/2/2023 12:40,8,4.569161757,2ii,Jericho
ECSFFIUV,2/2/2023 12:40,8,4.569161757,2ii,Jericho
ECSFFIUV,2/2/2023 12:40,8,4.569161757,2ii,Jericho
ECSFFIUV,2/2/2023 12:41,8,4.569161757,2ii,Jericho
ECSFFIUV,2/2/2023 12:41,8,4.569161757,2ii,Jericho
ECSFFIUV,2/2/2023 12:41,8,4.569161757,2ii,Jericho
ECSFFIUV,2/2/2023 12:41,8,4.569161757,2ii,Jericho
ECSFFIUV,2/2/2023 12:41,8,4.569161757,2ii,Jericho
ECSFFIUV,2/2/2023 12:41,8,4.569161757,2ii,Jericho
ECSFFIUV,2/2/2023 12:41,8,4.569161757,2ii,Jericho
ECSFFIUV,2/2/2023 12:41,8,4.569161757,2ii,Jericho
ECSFFIUV,2/2/2023 12:41,8,4.569161757,2ii,Jericho
ECSFFIUV,2/2/2023 12:41,8,4.569161757,2ii,Jericho
ECSFFIUV,2/2/2023 12:41,8,4.569161757,2ii,Jericho
ECSFFIUV,2/2/2023 12:41,8,4.569161757,2ii,Jericho
ECSFFIUV,2/2/2023 12:41,8,4.569161757,2ii,Jericho
ECSFFIUV,2/2/2023 12:41,8,4.569161757,2ii,Jericho
ECSFFIUV,2/2/2023 12:41,8,4.569161757,2ii,Jericho
ECSFFIUV,2/2/2023 12:41,8,4.569161757,2ii,Jericho
ECSFFIUV,2/2/2023 12:42,8,4.569161757,2ii,Jericho
ECSFFIUV,2/2/2023 12:42,8,4.569161757,2ii,Jericho
ECSFFIUV,2/2/2023 12:42,8,4.569161757,2ii,Jericho
ECSFFIUV,2/2/2023 12:42,8,4.569161757,2ii,Jericho
ECSFFIUV,2/2/2023 12:42,8,4.569161757,2ii,Jericho
ECSFFIUV,2/2/2023 12:42,8,4.569161757,2ii,Jericho
ECSFFIUV,2/2/2023 12:42,8,4.569161757,2ii,Jericho
ECSFFIUV,2/2/2023 12:42,8,4.569161757,2ii,Jericho
ECSFFIUV,2/2/2023 12:42,8,4.569161757,2ii,Jericho
ECSFFIUV,2/2/2023 12:42,8,4.569161757,2ii,Jericho
ECSFFIUV,2/2/2023 12:42,8,4.569161757,2ii,Jericho
ECSFFIUV,2/2/2023 12:42,8,4.569161757,2ii,Jericho
ECSFFIUV,2/2/2023 12:42,8,4.569161757,2ii,Jericho
ECSFFIUV,2/2/2023 12:42,8,4.569161757,2ii,Jericho
ECSFFIUV,2/2/2023 12:42,8,4.569161757,2ii,Jericho
ECSFFIUV,2/2/2023 12:42,8,4.569161757,2ii,Jericho
ECSFFIUV,2/2/2023 12:43,8,4.569161757,2ii,Jericho
ECSFFIUV,2/2/2023 12:43,8,4.569161757,2ii,Jericho
ECSFFIUV,2/2/2023 12:43,8,4.569161757,2ii,Jericho
ECSFFIUV,2/2/2023 12:43,8,4.569161757,2ii,Jericho
ECSFFIUV,2/2/2023 12:43,8,4.569161757,2ii,Jericho
ECSFFIUV,2/2/2023 12:43,8,4.569161757,2ii,Jericho
ECSFFIUV,2/2/2023 12:43,8,4.569161757,2ii,Jericho
ECSFFIUV,2/2/2023 12:43,8,4.569161757,2ii,Jericho
ECSFFIUV,2/2/2023 12:43,8,4.569161757,2ii,Jericho
ECSFFIUV,2/2/2023 12:43,8,4.569161757,2ii,Jericho
ECSFFIUV,2/2/2023 12:43,8,4.569161757,2ii,Jericho
ECSFFIUV,2/2/2023 12:43,8,4.569161757,2ii,Jericho
ECSFFIUV,2/2/2023 12:43,7,4.569161757,2ii,Jericho
ECSFFIUV,2/2/2023 12:43,7,4.569161757,2ii,Jericho
SGMUJTSX,2/2/2023 12:39,12,1.203892661,2ii,Jericho
SGMUJTSX,2/2/2023 12:39,12,7.518453494,2ii,Jericho
SGMUJTSX,2/2/2023 12:39,10,11.37463843,2ii,Jericho
SGMUJTSX,2/2/2023 12:39,8,14.00006955,2ii,Jericho
SGMUJTSX,2/2/2023 12:39,8,15.83113557,2ii,Jericho
SGMUJTSX,2/2/2023 12:39,7,18.13711303,2ii,Jericho
SGMUJTSX,2/2/2023 12:39,7,20.40567731,2ii,Jericho
SGMUJTSX,2/2/2023 12:39,9,23.4936287,2ii,Jericho
SGMUJTSX,2/2/2023 12:39,7,23.78641298,2ii,Jericho
SGMUJTSX,2/2/2023 12:39,8,24.00835312,2ii,Jericho
SGMUJTSX,2/2/2023 12:39,13,23.37735798,2ii,Jericho
SGMUJTSX,2/2/2023 12:39,8,23.37735798,2ii,Jericho
SGMUJTSX,2/2/2023 12:39,8,23.37735798,2ii,Jericho
SGMUJTSX,2/2/2023 12:39,8,23.37735798,2ii,Jericho
SGMUJTSX,2/2/2023 12:39,8,23.37735798,2ii,Jericho
SGMUJTSX,2/2/2023 12:39,11,23.37735798,2ii,Jericho
SGMUJTSX,2/2/2023 12:40,20,23.37735798,2ii,Jericho
SGMUJTSX,2/2/2023 12:40,11,23.37735798,2ii,Jericho
SGMUJTSX,2/2/2023 12:40,10,23.37735798,2ii,Jericho
SGMUJTSX,2/2/2023 12:40,10,23.37735798,2ii,Jericho
SGMUJTSX,2/2/2023 12:40,17,23.37735798,2ii,Jericho
SGMUJTSX,2/2/2023 12:40,14,23.37735798,2ii,Jericho
SGMUJTSX,2/2/2023 12:40,17,23.37735798,2ii,Jericho
SGMUJTSX,2/2/2023 12:40,14,23.37735798,2ii,Jericho
SGMUJTSX,2/2/2023 12:40,36,23.37735798,2ii,Jericho
SGMUJTSX,2/2/2023 12:40,17,23.37735798,2ii,Jericho
SGMUJTSX,2/2/2023 12:40,33,17.63401146,2ii,Jericho
SGMUJTSX,2/2/2023 12:40,16,21.27155671,2ii,Jericho
SGMUJTSX,2/2/2023 12:40,16,19.94447446,2ii,Jericho
SGMUJTSX,2/2/2023 12:40,16,19.94447446,2ii,Jericho
SGMUJTSX,2/2/2023 12:40,10,19.82575846,2ii,Jericho
SGMUJTSX,2/2/2023 12:40,9,19.82575846,2ii,Jericho
SGMUJTSX,2/2/2023 12:41,9,19.82575846,2ii,Jericho
SGMUJTSX,2/2/2023 12:41,9,19.82575846,2ii,Jericho
SGMUJTSX,2/2/2023 12:41,9,19.82575846,2ii,Jericho
SGMUJTSX,2/2/2023 12:41,9,19.82575846,2ii,Jericho
SGMUJTSX,2/2/2023 12:41,10,19.82575846,2ii,Jericho
SGMUJTSX,2/2/2023 12:41,13,19.82575846,2ii,Jericho
SGMUJTSX,2/2/2023 12:41,10,19.82575846,2ii,Jericho
SGMUJTSX,2/2/2023 12:41,9,19.82575846,2ii,Jericho
SGMUJTSX,2/2/2023 12:41,10,19.82575846,2ii,Jericho
SGMUJTSX,2/2/2023 12:41,13,19.82575846,2ii,Jericho
SGMUJTSX,2/2/2023 12:41,13,19.82575846,2ii,Jericho
SGMUJTSX,2/2/2023 12:41,14,19.82575846,2ii,Jericho
SGMUJTSX,2/2/2023 12:41,14,19.82575846,2ii,Jericho
SGMUJTSX,2/2/2023 12:41,14,19.82575846,2ii,Jericho
SGMUJTSX,2/2/2023 12:41,20,19.82575846,2ii,Jericho
SGMUJTSX,2/2/2023 12:42,23,8.572843807,2ii,Jericho
SGMUJTSX,2/2/2023 12:43,20,19.82575846,2ii,Jericho
SGMUJTSX,2/2/2023 12:43,19,9.758014097,2ii,Jericho
SGMUJTSX,2/2/2023 12:43,8,14.22823003,2ii,Jericho
SGMUJTSX,2/2/2023 12:43,8,11.456968,2ii,Jericho
SGMUJTSX,2/2/2023 12:43,8,11.11309531,2ii,Jericho
SGMUJTSX,2/2/2023 12:43,8,11.34662693,2ii,Jericho
SGMUJTSX,2/2/2023 12:43,8,11.15463167,2ii,Jericho
SGMUJTSX,2/2/2023 12:43,7,11.9482772,2ii,Jericho
SGMUJTSX,2/2/2023 12:43,8,11.9482772,2ii,Jericho
XUKLXPXF,2/2/2023 12:40,12,18.48903028,2ii,Jericho
XUKLXPXF,2/2/2023 12:40,12,18.48903028,2ii,Jericho
XUKLXPXF,2/2/2023 12:40,8,12.99374529,2ii,Jericho
XUKLXPXF,2/2/2023 12:40,8,12.99374529,2ii,Jericho
XUKLXPXF,2/2/2023 12:40,8,12.99374529,2ii,Jericho
XUKLXPXF,2/2/2023 12:40,7,12.99374529,2ii,Jericho
XUKLXPXF,2/2/2023 12:40,7,12.99374529,2ii,Jericho
XUKLXPXF,2/2/2023 12:40,7,12.99374529,2ii,Jericho
XUKLXPXF,2/2/2023 12:40,7,12.99374529,2ii,Jericho
XUKLXPXF,2/2/2023 12:40,7,12.99374529,2ii,Jericho
XUKLXPXF,2/2/2023 12:40,7,12.99374529,2ii,Jericho
XUKLXPXF,2/2/2023 12:41,8,12.99374529,2ii,Jericho
XUKLXPXF,2/2/2023 12:41,8,12.99374529,2ii,Jericho
XUKLXPXF,2/2/2023 12:41,7,12.99374529,2ii,Jericho
XUKLXPXF,2/2/2023 12:41,8,12.99374529,2ii,Jericho
XUKLXPXF,2/2/2023 12:41,7,12.99374529,2ii,Jericho
XUKLXPXF,2/2/2023 12:41,7,12.99374529,2ii,Jericho
XUKLXPXF,2/2/2023 12:41,7,12.99374529,2ii,Jericho
XUKLXPXF,2/2/2023 12:41,7,12.99374529,2ii,Jericho
XUKLXPXF,2/2/2023 12:41,7,12.99374529,2ii,Jericho
XUKLXPXF,2/2/2023 12:41,7,12.99374529,2ii,Jericho
XUKLXPXF,2/2/2023 12:41,7,12.99374529,2ii,Jericho
XUKLXPXF,2/2/2023 12:41,7,12.99374529,2ii,Jericho
XUKLXPXF,2/2/2023 12:41,7,12.99374529,2ii,Jericho
XUKLXPXF,2/2/2023 12:41,7,12.99374529,2ii,Jericho
XUKLXPXF,2/2/2023 12:41,7,12.99374529,2ii,Jericho
XUKLXPXF,2/2/2023 12:42,7,12.99374529,2ii,Jericho
XUKLXPXF,2/2/2023 12:42,7,12.99374529,2ii,Jericho
XUKLXPXF,2/2/2023 12:42,8,12.99374529,2ii,Jericho
XUKLXPXF,2/2/2023 12:42,8,12.99374529,2ii,Jericho
XUKLXPXF,2/2/2023 12:42,8,12.99374529,2ii,Jericho
XUKLXPXF,2/2/2023 12:42,8,12.99374529,2ii,Jericho
XUKLXPXF,2/2/2023 12:42,8,12.99374529,2ii,Jericho
XUKLXPXF,2/2/2023 12:42,7,12.99374529,2ii,Jericho
XUKLXPXF,2/2/2023 12:42,8,12.99374529,2ii,Jericho
XUKLXPXF,2/2/2023 12:42,8,12.99374529,2ii,Jericho
XUKLXPXF,2/2/2023 12:42,8,12.99374529,2ii,Jericho
XUKLXPXF,2/2/2023 12:42,8,12.99374529,2ii,Jericho
XUKLXPXF,2/2/2023 12:42,8,12.99374529,2ii,Jericho
XUKLXPXF,2/2/2023 12:42,8,12.99374529,2ii,Jericho
XUKLXPXF,2/2/2023 12:42,8,12.99374529,2ii,Jericho
XUKLXPXF,2/2/2023 12:42,8,12.99374529,2ii,Jericho
XUKLXPXF,2/2/2023 12:43,8,12.99374529,2ii,Jericho
XUKLXPXF,2/2/2023 12:43,8,12.99374529,2ii,Jericho
XUKLXPXF,2/2/2023 12:43,8,12.99374529,2ii,Jericho
XUKLXPXF,2/2/2023 12:43,8,12.99374529,2ii,Jericho
XUKLXPXF,2/2/2023 12:43,8,12.99374529,2ii,Jericho
XUKLXPXF,2/2/2023 12:43,7,12.99374529,2ii,Jericho
XUKLXPXF,2/2/2023 12:43,8,12.99374529,2ii,Jericho
XUKLXPXF,2/2/2023 12:43,8,12.99374529,2ii,Jericho
XUKLXPXF,2/2/2023 12:43,8,12.99374529,2ii,Jericho
XUKLXPXF,2/2/2023 12:43,8,12.99374529,2ii,Jericho
XUKLXPXF,2/2/2023 12:43,8,12.99374529,2ii,Jericho
XUKLXPXF,2/2/2023 12:43,8,12.99374529,2ii,Jericho
XUKLXPXF,2/2/2023 12:43,8,12.99374529,2ii,Jericho
XUKLXPXF,2/2/2023 12:43,7,12.99374529,2ii,Jericho
XUKLXPXF,2/2/2023 12:43,7,12.99374529,2ii,Jericho
XUKLXPXF,2/2/2023 12:43,8,12.99374529,2ii,Jericho
ARTYIPAL,2/2/2023 13:33,8,20.80491371,3,Jericho
ARTYIPAL,2/2/2023 13:33,10,21.99026291,3,Jericho
ARTYIPAL,2/2/2023 13:33,8,20.80491371,3,Jericho
ARTYIPAL,2/2/2023 13:33,8,20.80491371,3,Jericho
ARTYIPAL,2/2/2023 13:33,8,20.80491371,3,Jericho
ARTYIPAL,2/2/2023 13:33,8,20.80491371,3,Jericho
ARTYIPAL,2/2/2023 13:33,8,20.80491371,3,Jericho
ARTYIPAL,2/2/2023 13:33,8,20.80491371,3,Jericho
ARTYIPAL,2/2/2023 13:33,8,20.80491371,3,Jericho
ARTYIPAL,2/2/2023 13:33,8,20.80491371,3,Jericho
ARTYIPAL,2/2/2023 13:34,8,20.80491371,3,Jericho
ARTYIPAL,2/2/2023 13:34,8,20.80491371,3,Jericho
ARTYIPAL,2/2/2023 13:34,8,20.80491371,3,Jericho
ARTYIPAL,2/2/2023 13:34,8,20.80491371,3,Jericho
ARTYIPAL,2/2/2023 13:34,10,20.80491371,3,Jericho
ARTYIPAL,2/2/2023 13:34,10,20.80491371,3,Jericho
ARTYIPAL,2/2/2023 13:34,8,20.80491371,3,Jericho
ARTYIPAL,2/2/2023 13:34,10,20.80491371,3,Jericho
ARTYIPAL,2/2/2023 13:34,8,20.80491371,3,Jericho
ARTYIPAL,2/2/2023 13:34,8,20.80491371,3,Jericho
ARTYIPAL,2/2/2023 13:34,8,20.80491371,3,Jericho
ARTYIPAL,2/2/2023 13:34,8,20.80491371,3,Jericho
ARTYIPAL,2/2/2023 13:34,8,20.80491371,3,Jericho
ARTYIPAL,2/2/2023 13:34,8,20.80491371,3,Jericho
ARTYIPAL,2/2/2023 13:34,8,20.80491371,3,Jericho
ARTYIPAL,2/2/2023 13:34,8,20.80491371,3,Jericho
ARTYIPAL,2/2/2023 13:35,8,20.80491371,3,Jericho
ARTYIPAL,2/2/2023 13:35,8,20.80491371,3,Jericho
ARTYIPAL,2/2/2023 13:35,8,20.80491371,3,Jericho
ARTYIPAL,2/2/2023 13:35,8,20.80491371,3,Jericho
ARTYIPAL,2/2/2023 13:35,10,20.80491371,3,Jericho
ARTYIPAL,2/2/2023 13:35,10,20.80491371,3,Jericho
ARTYIPAL,2/2/2023 13:35,10,20.80491371,3,Jericho
ARTYIPAL,2/2/2023 13:35,10,20.80491371,3,Jericho
ARTYIPAL,2/2/2023 13:35,8,20.80491371,3,Jericho
ARTYIPAL,2/2/2023 13:35,8,20.80491371,3,Jericho
ARTYIPAL,2/2/2023 13:35,8,20.80491371,3,Jericho
ARTYIPAL,2/2/2023 13:35,8,20.80491371,3,Jericho
ARTYIPAL,2/2/2023 13:35,8,20.80491371,3,Jericho
ARTYIPAL,2/2/2023 13:35,8,20.80491371,3,Jericho
ARTYIPAL,2/2/2023 13:35,8,20.80491371,3,Jericho
ARTYIPAL,2/2/2023 13:35,8,20.80491371,3,Jericho
ARTYIPAL,2/2/2023 13:36,8,20.80491371,3,Jericho
ARTYIPAL,2/2/2023 13:36,8,20.80491371,3,Jericho
ARTYIPAL,2/2/2023 13:36,8,20.80491371,3,Jericho
ARTYIPAL,2/2/2023 13:36,8,20.80491371,3,Jericho
ARTYIPAL,2/2/2023 13:36,8,20.80491371,3,Jericho
ARTYIPAL,2/2/2023 13:36,8,20.80491371,3,Jericho
ARTYIPAL,2/2/2023 13:36,8,20.80491371,3,Jericho
ARTYIPAL,2/2/2023 13:36,8,20.80491371,3,Jericho
ARTYIPAL,2/2/2023 13:36,10,20.80491371,3,Jericho
ARTYIPAL,2/2/2023 13:36,10,20.80491371,3,Jericho
ARTYIPAL,2/2/2023 13:36,8,20.80491371,3,Jericho
ARTYIPAL,2/2/2023 13:36,12,20.80491371,3,Jericho
ARTYIPAL,2/2/2023 13:36,12,20.80491371,3,Jericho
ARTYIPAL,2/2/2023 13:36,12,20.80491371,3,Jericho
ARTYIPAL,2/2/2023 13:36,10,20.80491371,3,Jericho
ARTYIPAL,2/2/2023 13:36,10,20.80491371,3,Jericho
ARTYIPAL,2/2/2023 13:37,8,20.80491371,3,Jericho
ARTYIPAL,2/2/2023 13:37,8,20.80491371,3,Jericho
ARTYIPAL,2/2/2023 13:37,8,20.80491371,3,Jericho
ARTYIPAL,2/2/2023 13:37,8,20.80491371,3,Jericho
ARTYIPAL,2/2/2023 13:37,8,20.80491371,3,Jericho
ARTYIPAL,2/2/2023 13:37,8,20.80491371,3,Jericho
ARTYIPAL,2/2/2023 13:37,8,20.80491371,3,Jericho
ARTYIPAL,2/2/2023 13:37,8,20.80491371,3,Jericho
ARTYIPAL,2/2/2023 13:37,8,20.80491371,3,Jericho
ARTYIPAL,2/2/2023 13:37,8,20.80491371,3,Jericho
ARTYIPAL,2/2/2023 13:37,8,20.80491371,3,Jericho
ARTYIPAL,2/2/2023 13:37,8,20.80491371,3,Jericho
ARTYIPAL,2/2/2023 13:37,8,20.80491371,3,Jericho
ARTYIPAL,2/2/2023 13:37,8,20.80491371,3,Jericho
ARTYIPAL,2/2/2023 13:37,8,20.80491371,3,Jericho
ARTYIPAL,2/2/2023 13:37,8,20.80491371,3,Jericho
ECSFFIUV,2/2/2023 13:33,8,6.546901137,3,Jericho
ECSFFIUV,2/2/2023 13:33,10,7.03925364,3,Jericho
ECSFFIUV,2/2/2023 13:33,8,6.546901137,3,Jericho
ECSFFIUV,2/2/2023 13:33,8,6.546901137,3,Jericho
ECSFFIUV,2/2/2023 13:33,8,6.546901137,3,Jericho
ECSFFIUV,2/2/2023 13:33,8,6.546901137,3,Jericho
ECSFFIUV,2/2/2023 13:33,8,6.546901137,3,Jericho
ECSFFIUV,2/2/2023 13:34,8,6.546901137,3,Jericho
ECSFFIUV,2/2/2023 13:34,8,6.546901137,3,Jericho
ECSFFIUV,2/2/2023 13:34,8,6.546901137,3,Jericho
ECSFFIUV,2/2/2023 13:34,8,6.546901137,3,Jericho
ECSFFIUV,2/2/2023 13:34,8,6.546901137,3,Jericho
ECSFFIUV,2/2/2023 13:34,8,6.546901137,3,Jericho
ECSFFIUV,2/2/2023 13:34,8,6.546901137,3,Jericho
ECSFFIUV,2/2/2023 13:34,8,6.546901137,3,Jericho
ECSFFIUV,2/2/2023 13:34,8,6.546901137,3,Jericho
ECSFFIUV,2/2/2023 13:34,8,6.546901137,3,Jericho
ECSFFIUV,2/2/2023 13:34,8,6.546901137,3,Jericho
ECSFFIUV,2/2/2023 13:34,8,6.546901137,3,Jericho
ECSFFIUV,2/2/2023 13:34,8,6.546901137,3,Jericho
ECSFFIUV,2/2/2023 13:34,8,6.546901137,3,Jericho
ECSFFIUV,2/2/2023 13:34,8,6.546901137,3,Jericho
ECSFFIUV,2/2/2023 13:35,8,6.546901137,3,Jericho
ECSFFIUV,2/2/2023 13:35,8,6.546901137,3,Jericho
ECSFFIUV,2/2/2023 13:35,8,6.546901137,3,Jericho
ECSFFIUV,2/2/2023 13:35,8,6.546901137,3,Jericho
ECSFFIUV,2/2/2023 13:35,8,6.546901137,3,Jericho
ECSFFIUV,2/2/2023 13:35,8,6.546901137,3,Jericho
ECSFFIUV,2/2/2023 13:35,8,6.546901137,3,Jericho
ECSFFIUV,2/2/2023 13:35,8,6.546901137,3,Jericho
ECSFFIUV,2/2/2023 13:35,8,6.546901137,3,Jericho
ECSFFIUV,2/2/2023 13:35,8,6.546901137,3,Jericho
ECSFFIUV,2/2/2023 13:35,8,6.546901137,3,Jericho
ECSFFIUV,2/2/2023 13:35,8,6.546901137,3,Jericho
ECSFFIUV,2/2/2023 13:35,8,6.546901137,3,Jericho
ECSFFIUV,2/2/2023 13:35,8,6.546901137,3,Jericho
ECSFFIUV,2/2/2023 13:35,8,6.546901137,3,Jericho
ECSFFIUV,2/2/2023 13:36,8,6.546901137,3,Jericho
ECSFFIUV,2/2/2023 13:36,8,6.546901137,3,Jericho
ECSFFIUV,2/2/2023 13:36,8,6.546901137,3,Jericho
ECSFFIUV,2/2/2023 13:36,8,6.546901137,3,Jericho
ECSFFIUV,2/2/2023 13:36,8,6.546901137,3,Jericho
ECSFFIUV,2/2/2023 13:36,8,6.546901137,3,Jericho
ECSFFIUV,2/2/2023 13:36,8,6.546901137,3,Jericho
ECSFFIUV,2/2/2023 13:36,8,6.546901137,3,Jericho
ECSFFIUV,2/2/2023 13:36,8,6.546901137,3,Jericho
ECSFFIUV,2/2/2023 13:36,8,6.546901137,3,Jericho
ECSFFIUV,2/2/2023 13:36,8,6.546901137,3,Jericho
ECSFFIUV,2/2/2023 13:36,8,6.546901137,3,Jericho
ECSFFIUV,2/2/2023 13:36,8,6.546901137,3,Jericho
ECSFFIUV,2/2/2023 13:36,8,6.546901137,3,Jericho
ECSFFIUV,2/2/2023 13:36,8,6.546901137,3,Jericho
ECSFFIUV,2/2/2023 13:36,8,6.546901137,3,Jericho
ECSFFIUV,2/2/2023 13:37,8,6.546901137,3,Jericho
ECSFFIUV,2/2/2023 13:37,8,6.546901137,3,Jericho
ECSFFIUV,2/2/2023 13:37,8,6.546901137,3,Jericho
ECSFFIUV,2/2/2023 13:37,8,6.546901137,3,Jericho
ECSFFIUV,2/2/2023 13:37,8,6.546901137,3,Jericho
ECSFFIUV,2/2/2023 13:37,8,6.546901137,3,Jericho
ECSFFIUV,2/2/2023 13:37,8,6.546901137,3,Jericho
ECSFFIUV,2/2/2023 13:37,8,6.546901137,3,Jericho
ECSFFIUV,2/2/2023 13:37,8,6.546901137,3,Jericho
ECSFFIUV,2/2/2023 13:37,8,6.546901137,3,Jericho
SGMUJTSX,2/2/2023 13:34,8,3.938425299,3,Jericho
SGMUJTSX,2/2/2023 13:34,15,4.259831312,3,Jericho
SGMUJTSX,2/2/2023 13:34,10,3.938425299,3,Jericho
SGMUJTSX,2/2/2023 13:34,10,3.938425299,3,Jericho
SGMUJTSX,2/2/2023 13:34,10,3.938425299,3,Jericho
SGMUJTSX,2/2/2023 13:34,8,3.938425299,3,Jericho
SGMUJTSX,2/2/2023 13:34,8,3.938425299,3,Jericho
SGMUJTSX,2/2/2023 13:34,10,3.938425299,3,Jericho
SGMUJTSX,2/2/2023 13:34,10,3.938425299,3,Jericho
SGMUJTSX,2/2/2023 13:34,10,3.938425299,3,Jericho
SGMUJTSX,2/2/2023 13:35,10,3.938425299,3,Jericho
SGMUJTSX,2/2/2023 13:35,8,3.938425299,3,Jericho
SGMUJTSX,2/2/2023 13:35,10,3.938425299,3,Jericho
SGMUJTSX,2/2/2023 13:35,10,3.938425299,3,Jericho
SGMUJTSX,2/2/2023 13:35,10,3.938425299,3,Jericho
SGMUJTSX,2/2/2023 13:35,10,3.938425299,3,Jericho
SGMUJTSX,2/2/2023 13:35,10,3.938425299,3,Jericho
SGMUJTSX,2/2/2023 13:35,10,3.938425299,3,Jericho
SGMUJTSX,2/2/2023 13:35,10,3.938425299,3,Jericho
SGMUJTSX,2/2/2023 13:35,10,3.938425299,3,Jericho
SGMUJTSX,2/2/2023 13:35,10,3.938425299,3,Jericho
SGMUJTSX,2/2/2023 13:35,10,3.938425299,3,Jericho
SGMUJTSX,2/2/2023 13:35,10,3.938425299,3,Jericho
SGMUJTSX,2/2/2023 13:35,10,3.938425299,3,Jericho
SGMUJTSX,2/2/2023 13:35,8,3.938425299,3,Jericho
SGMUJTSX,2/2/2023 13:35,8,3.938425299,3,Jericho
SGMUJTSX,2/2/2023 13:36,8,3.938425299,3,Jericho
SGMUJTSX,2/2/2023 13:36,8,3.938425299,3,Jericho
SGMUJTSX,2/2/2023 13:36,8,3.938425299,3,Jericho
SGMUJTSX,2/2/2023 13:36,8,3.938425299,3,Jericho
SGMUJTSX,2/2/2023 13:36,8,3.938425299,3,Jericho
SGMUJTSX,2/2/2023 13:36,8,3.938425299,3,Jericho
SGMUJTSX,2/2/2023 13:36,10,3.938425299,3,Jericho
SGMUJTSX,2/2/2023 13:36,8,3.938425299,3,Jericho
SGMUJTSX,2/2/2023 13:36,8,3.938425299,3,Jericho
SGMUJTSX,2/2/2023 13:36,8,3.938425299,3,Jericho
SGMUJTSX,2/2/2023 13:36,8,3.938425299,3,Jericho
SGMUJTSX,2/2/2023 13:36,8,3.938425299,3,Jericho
SGMUJTSX,2/2/2023 13:36,8,3.938425299,3,Jericho
SGMUJTSX,2/2/2023 13:36,8,3.938425299,3,Jericho
SGMUJTSX,2/2/2023 13:36,8,3.938425299,3,Jericho
SGMUJTSX,2/2/2023 13:36,8,3.938425299,3,Jericho
SGMUJTSX,2/2/2023 13:37,8,3.938425299,3,Jericho
SGMUJTSX,2/2/2023 13:37,8,3.938425299,3,Jericho
SGMUJTSX,2/2/2023 13:37,8,3.938425299,3,Jericho
SGMUJTSX,2/2/2023 13:37,8,3.938425299,3,Jericho
SGMUJTSX,2/2/2023 13:37,8,3.938425299,3,Jericho
SGMUJTSX,2/2/2023 13:37,8,3.938425299,3,Jericho
SGMUJTSX,2/2/2023 13:37,8,3.938425299,3,Jericho
SGMUJTSX,2/2/2023 13:37,10,3.938425299,3,Jericho
SGMUJTSX,2/2/2023 13:37,10,3.938425299,3,Jericho
SGMUJTSX,2/2/2023 13:37,8,3.938425299,3,Jericho
SGMUJTSX,2/2/2023 13:37,10,3.938425299,3,Jericho
SGMUJTSX,2/2/2023 13:37,10,3.938425299,3,Jericho
SGMUJTSX,2/2/2023 13:37,10,3.938425299,3,Jericho
SGMUJTSX,2/2/2023 13:37,8,3.938425299,3,Jericho
SGMUJTSX,2/2/2023 13:37,8,3.938425299,3,Jericho
XUKLXPXF,2/2/2023 13:33,10,4.589644603,3,Jericho
XUKLXPXF,2/2/2023 13:33,16,4.589644603,3,Jericho
XUKLXPXF,2/2/2023 13:33,10,4.589644603,3,Jericho
XUKLXPXF,2/2/2023 13:33,10,4.589644603,3,Jericho
XUKLXPXF,2/2/2023 13:33,8,4.589644603,3,Jericho
XUKLXPXF,2/2/2023 13:33,8,4.589644603,3,Jericho
XUKLXPXF,2/2/2023 13:33,8,4.589644603,3,Jericho
XUKLXPXF,2/2/2023 13:33,8,4.589644603,3,Jericho
XUKLXPXF,2/2/2023 13:33,8,4.589644603,3,Jericho
XUKLXPXF,2/2/2023 13:34,10,4.589644603,3,Jericho
XUKLXPXF,2/2/2023 13:34,10,4.589644603,3,Jericho
XUKLXPXF,2/2/2023 13:34,10,4.589644603,3,Jericho
XUKLXPXF,2/2/2023 13:34,10,4.589644603,3,Jericho
XUKLXPXF,2/2/2023 13:34,10,4.589644603,3,Jericho
XUKLXPXF,2/2/2023 13:34,10,4.589644603,3,Jericho
XUKLXPXF,2/2/2023 13:34,10,4.589644603,3,Jericho
XUKLXPXF,2/2/2023 13:34,10,4.589644603,3,Jericho
XUKLXPXF,2/2/2023 13:34,10,4.589644603,3,Jericho
XUKLXPXF,2/2/2023 13:34,10,4.589644603,3,Jericho
XUKLXPXF,2/2/2023 13:34,10,4.589644603,3,Jericho
XUKLXPXF,2/2/2023 13:34,10,4.589644603,3,Jericho
XUKLXPXF,2/2/2023 13:34,10,4.589644603,3,Jericho
XUKLXPXF,2/2/2023 13:34,10,4.589644603,3,Jericho
XUKLXPXF,2/2/2023 13:34,10,4.589644603,3,Jericho
XUKLXPXF,2/2/2023 13:34,10,4.589644603,3,Jericho
XUKLXPXF,2/2/2023 13:35,10,4.589644603,3,Jericho
XUKLXPXF,2/2/2023 13:35,10,4.589644603,3,Jericho
XUKLXPXF,2/2/2023 13:35,10,4.589644603,3,Jericho
XUKLXPXF,2/2/2023 13:35,10,4.589644603,3,Jericho
XUKLXPXF,2/2/2023 13:35,10,4.589644603,3,Jericho
XUKLXPXF,2/2/2023 13:35,8,4.589644603,3,Jericho
XUKLXPXF,2/2/2023 13:35,10,4.589644603,3,Jericho
XUKLXPXF,2/2/2023 13:35,8,4.589644603,3,Jericho
XUKLXPXF,2/2/2023 13:35,8,4.589644603,3,Jericho
XUKLXPXF,2/2/2023 13:35,8,4.589644603,3,Jericho
XUKLXPXF,2/2/2023 13:35,8,4.589644603,3,Jericho
XUKLXPXF,2/2/2023 13:35,8,4.589644603,3,Jericho
XUKLXPXF,2/2/2023 13:35,8,4.589644603,3,Jericho
XUKLXPXF,2/2/2023 13:35,8,4.589644603,3,Jericho
XUKLXPXF,2/2/2023 13:35,8,4.589644603,3,Jericho
XUKLXPXF,2/2/2023 13:36,8,4.589644603,3,Jericho
XUKLXPXF,2/2/2023 13:36,8,4.589644603,3,Jericho
XUKLXPXF,2/2/2023 13:36,8,4.589644603,3,Jericho
XUKLXPXF,2/2/2023 13:36,8,4.589644603,3,Jericho
XUKLXPXF,2/2/2023 13:36,10,4.589644603,3,Jericho
XUKLXPXF,2/2/2023 13:36,8,4.589644603,3,Jericho
XUKLXPXF,2/2/2023 13:36,10,4.589644603,3,Jericho
XUKLXPXF,2/2/2023 13:36,10,4.589644603,3,Jericho
XUKLXPXF,2/2/2023 13:36,10,4.589644603,3,Jericho
XUKLXPXF,2/2/2023 13:36,10,4.589644603,3,Jericho
XUKLXPXF,2/2/2023 13:36,10,4.589644603,3,Jericho
XUKLXPXF,2/2/2023 13:36,10,4.589644603,3,Jericho
XUKLXPXF,2/2/2023 13:36,8,4.589644603,3,Jericho
XUKLXPXF,2/2/2023 13:36,8,4.589644603,3,Jericho
XUKLXPXF,2/2/2023 13:36,10,4.589644603,3,Jericho
XUKLXPXF,2/2/2023 13:36,10,4.589644603,3,Jericho
XUKLXPXF,2/2/2023 13:37,10,4.589644603,3,Jericho
XUKLXPXF,2/2/2023 13:37,8,4.589644603,3,Jericho
XUKLXPXF,2/2/2023 13:37,10,4.589644603,3,Jericho
XUKLXPXF,2/2/2023 13:37,10,4.589644603,3,Jericho
XUKLXPXF,2/2/2023 13:37,10,4.589644603,3,Jericho
XUKLXPXF,2/2/2023 13:37,8,4.589644603,3,Jericho
XUKLXPXF,2/2/2023 13:37,9,4.589644603,3,Jericho
XUKLXPXF,2/2/2023 13:37,10,4.589644603,3,Jericho
XUKLXPXF,2/2/2023 13:37,10,4.589644603,3,Jericho
XUKLXPXF,2/2/2023 13:37,9,4.589644603,3,Jericho
XUKLXPXF,2/2/2023 13:37,10,4.589644603,3,Jericho
XUKLXPXF,2/2/2023 13:37,10,4.589644603,3,Jericho
XUKLXPXF,2/2/2023 13:37,10,4.589644603,3,Jericho
XUKLXPXF,2/2/2023 13:37,10,4.589644603,3,Jericho
XUKLXPXF,2/2/2023 13:37,10,4.589644603,3,Jericho
ARTYIPAL,12/15/2022 11:52,7,15.96113889,1,Kibera
ARTYIPAL,12/15/2022 11:52,7,15.96113889,1,Kibera
ARTYIPAL,12/15/2022 11:52,7,15.96113889,1,Kibera
ARTYIPAL,12/15/2022 11:52,7,15.96113889,1,Kibera
ARTYIPAL,12/15/2022 11:52,7,15.96113889,1,Kibera
ARTYIPAL,12/15/2022 11:52,7,15.96113889,1,Kibera
ARTYIPAL,12/15/2022 11:52,7,15.96113889,1,Kibera
ARTYIPAL,12/15/2022 11:52,7,15.96113889,1,Kibera
ARTYIPAL,12/15/2022 11:52,7,15.96113889,1,Kibera
ARTYIPAL,12/15/2022 11:52,7,15.96113889,1,Kibera
ARTYIPAL,12/15/2022 11:52,8,15.96113889,1,Kibera
ARTYIPAL,12/15/2022 11:52,7,15.96113889,1,Kibera
ARTYIPAL,12/15/2022 11:52,7,15.96113889,1,Kibera
ARTYIPAL,12/15/2022 11:52,8,15.96113889,1,Kibera
ARTYIPAL,12/15/2022 11:52,8,15.96113889,1,Kibera
ARTYIPAL,12/15/2022 11:53,8,15.96113889,1,Kibera
ARTYIPAL,12/15/2022 11:53,8,15.96113889,1,Kibera
ARTYIPAL,12/15/2022 11:53,8,15.96113889,1,Kibera
ARTYIPAL,12/15/2022 11:53,8,15.96113889,1,Kibera
ARTYIPAL,12/15/2022 11:53,7,15.96113889,1,Kibera
ARTYIPAL,12/15/2022 11:53,7,15.96113889,1,Kibera
ARTYIPAL,12/15/2022 11:53,7,15.96113889,1,Kibera
ARTYIPAL,12/15/2022 11:53,7,15.96113889,1,Kibera
ARTYIPAL,12/15/2022 11:53,7,15.96113889,1,Kibera
ARTYIPAL,12/15/2022 11:53,7,15.96113889,1,Kibera
ARTYIPAL,12/15/2022 11:53,7,15.96113889,1,Kibera
ARTYIPAL,12/15/2022 11:53,7,15.96113889,1,Kibera
ARTYIPAL,12/15/2022 11:53,7,15.96113889,1,Kibera
ARTYIPAL,12/15/2022 11:53,8,15.96113889,1,Kibera
ARTYIPAL,12/15/2022 11:53,7,15.96113889,1,Kibera
ARTYIPAL,12/15/2022 11:53,7,15.96113889,1,Kibera
ARTYIPAL,12/15/2022 11:54,9,15.96113889,1,Kibera
ARTYIPAL,12/15/2022 11:54,8,15.96113889,1,Kibera
ARTYIPAL,12/15/2022 11:54,8,15.96113889,1,Kibera
ARTYIPAL,12/15/2022 11:54,8,15.96113889,1,Kibera
ARTYIPAL,12/15/2022 11:54,8,15.96113889,1,Kibera
ARTYIPAL,12/15/2022 11:54,8,15.96113889,1,Kibera
ARTYIPAL,12/15/2022 11:54,8,15.96113889,1,Kibera
ARTYIPAL,12/15/2022 11:54,8,15.96113889,1,Kibera
ARTYIPAL,12/15/2022 11:54,8,15.96113889,1,Kibera
ARTYIPAL,12/15/2022 11:54,8,15.96113889,1,Kibera
ARTYIPAL,12/15/2022 11:54,8,15.96113889,1,Kibera
ARTYIPAL,12/15/2022 11:54,8,15.96113889,1,Kibera
ARTYIPAL,12/15/2022 11:54,8,15.96113889,1,Kibera
ARTYIPAL,12/15/2022 11:54,8,15.96113889,1,Kibera
ARTYIPAL,12/15/2022 11:54,8,15.96113889,1,Kibera
ARTYIPAL,12/15/2022 11:54,7,15.96113889,1,Kibera
ARTYIPAL,12/15/2022 11:55,8,15.96113889,1,Kibera
ARTYIPAL,12/15/2022 11:55,8,15.96113889,1,Kibera
ARTYIPAL,12/15/2022 11:55,7,15.96113889,1,Kibera
ARTYIPAL,12/15/2022 11:55,7,15.96113889,1,Kibera
ARTYIPAL,12/15/2022 11:55,7,15.96113889,1,Kibera
ARTYIPAL,12/15/2022 11:55,8,15.96113889,1,Kibera
ARTYIPAL,12/15/2022 11:55,8,15.96113889,1,Kibera
ARTYIPAL,12/15/2022 11:55,8,15.96113889,1,Kibera
ARTYIPAL,12/15/2022 11:55,7,15.96113889,1,Kibera
ARTYIPAL,12/15/2022 11:55,7,15.96113889,1,Kibera
ARTYIPAL,12/15/2022 11:55,8,15.96113889,1,Kibera
ARTYIPAL,12/15/2022 11:55,8,15.96113889,1,Kibera
ARTYIPAL,12/15/2022 11:55,7,15.96113889,1,Kibera
ARTYIPAL,12/15/2022 11:55,7,15.96113889,1,Kibera
ARTYIPAL,12/15/2022 11:55,7,15.96113889,1,Kibera
ARTYIPAL,12/15/2022 11:55,8,15.96113889,1,Kibera
ARTYIPAL,12/15/2022 11:56,7,15.96113889,1,Kibera
ARTYIPAL,12/15/2022 11:56,7,15.96113889,1,Kibera
ARTYIPAL,12/15/2022 11:56,7,15.96113889,1,Kibera
ARTYIPAL,12/15/2022 11:56,8,15.96113889,1,Kibera
ARTYIPAL,12/15/2022 11:56,8,15.96113889,1,Kibera
ARTYIPAL,12/15/2022 11:56,7,15.96113889,1,Kibera
ARTYIPAL,12/15/2022 11:56,7,15.96113889,1,Kibera
ARTYIPAL,12/15/2022 11:56,8,15.96113889,1,Kibera
ARTYIPAL,12/15/2022 11:56,8,15.96113889,1,Kibera
ARTYIPAL,12/15/2022 11:56,7,15.96113889,1,Kibera
ARTYIPAL,12/15/2022 11:56,7,15.96113889,1,Kibera
ARTYIPAL,12/15/2022 11:56,8,15.96113889,1,Kibera
ARTYIPAL,12/15/2022 11:56,8,15.96113889,1,Kibera
ARTYIPAL,12/15/2022 11:56,8,15.96113889,1,Kibera
ARTYIPAL,12/15/2022 11:56,8,15.96113889,1,Kibera
ARTYIPAL,12/15/2022 11:56,8,15.96113889,1,Kibera
ECSFFIUV,12/15/2022 11:52,7,17.23644175,1,Kibera
ECSFFIUV,12/15/2022 11:52,7,17.23644175,1,Kibera
ECSFFIUV,12/15/2022 11:52,7,17.23644175,1,Kibera
ECSFFIUV,12/15/2022 11:52,8,17.23644175,1,Kibera
ECSFFIUV,12/15/2022 11:52,8,17.23644175,1,Kibera
ECSFFIUV,12/15/2022 11:52,9,17.23644175,1,Kibera
ECSFFIUV,12/15/2022 11:52,8,17.23644175,1,Kibera
ECSFFIUV,12/15/2022 11:52,8,17.23644175,1,Kibera
ECSFFIUV,12/15/2022 11:52,8,17.23644175,1,Kibera
ECSFFIUV,12/15/2022 11:52,10,17.23644175,1,Kibera
ECSFFIUV,12/15/2022 11:52,8,17.23644175,1,Kibera
ECSFFIUV,12/15/2022 11:52,7,17.23644175,1,Kibera
ECSFFIUV,12/15/2022 11:52,7,17.23644175,1,Kibera
ECSFFIUV,12/15/2022 11:52,7,17.23644175,1,Kibera
ECSFFIUV,12/15/2022 11:53,7,17.23644175,1,Kibera
ECSFFIUV,12/15/2022 11:53,7,17.23644175,1,Kibera
ECSFFIUV,12/15/2022 11:53,7,17.23644175,1,Kibera
ECSFFIUV,12/15/2022 11:53,7,17.23644175,1,Kibera
ECSFFIUV,12/15/2022 11:53,7,17.23644175,1,Kibera
ECSFFIUV,12/15/2022 11:53,7,17.23644175,1,Kibera
ECSFFIUV,12/15/2022 11:53,7,17.23644175,1,Kibera
ECSFFIUV,12/15/2022 11:53,7,17.23644175,1,Kibera
ECSFFIUV,12/15/2022 11:53,7,17.23644175,1,Kibera
ECSFFIUV,12/15/2022 11:53,7,17.23644175,1,Kibera
ECSFFIUV,12/15/2022 11:53,7,17.23644175,1,Kibera
ECSFFIUV,12/15/2022 11:53,8,17.23644175,1,Kibera
ECSFFIUV,12/15/2022 11:53,8,17.23644175,1,Kibera
ECSFFIUV,12/15/2022 11:53,7,17.23644175,1,Kibera
ECSFFIUV,12/15/2022 11:53,7,17.23644175,1,Kibera
ECSFFIUV,12/15/2022 11:53,7,17.23644175,1,Kibera
ECSFFIUV,12/15/2022 11:54,7,17.23644175,1,Kibera
ECSFFIUV,12/15/2022 11:54,7,17.23644175,1,Kibera
ECSFFIUV,12/15/2022 11:54,8,17.23644175,1,Kibera
ECSFFIUV,12/15/2022 11:54,8,17.23644175,1,Kibera
ECSFFIUV,12/15/2022 11:54,8,17.23644175,1,Kibera
ECSFFIUV,12/15/2022 11:54,8,17.23644175,1,Kibera
ECSFFIUV,12/15/2022 11:54,8,17.23644175,1,Kibera
ECSFFIUV,12/15/2022 11:54,8,17.23644175,1,Kibera
ECSFFIUV,12/15/2022 11:54,8,17.23644175,1,Kibera
ECSFFIUV,12/15/2022 11:54,8,17.23644175,1,Kibera
ECSFFIUV,12/15/2022 11:54,8,17.23644175,1,Kibera
ECSFFIUV,12/15/2022 11:54,8,17.23644175,1,Kibera
ECSFFIUV,12/15/2022 11:54,8,17.23644175,1,Kibera
ECSFFIUV,12/15/2022 11:54,8,17.23644175,1,Kibera
ECSFFIUV,12/15/2022 11:54,7,17.23644175,1,Kibera
ECSFFIUV,12/15/2022 11:54,8,17.23644175,1,Kibera
ECSFFIUV,12/15/2022 11:55,8,17.23644175,1,Kibera
ECSFFIUV,12/15/2022 11:55,7,17.23644175,1,Kibera
ECSFFIUV,12/15/2022 11:55,8,17.23644175,1,Kibera
ECSFFIUV,12/15/2022 11:55,7,17.23644175,1,Kibera
ECSFFIUV,12/15/2022 11:55,8,17.23644175,1,Kibera
ECSFFIUV,12/15/2022 11:55,8,17.23644175,1,Kibera
ECSFFIUV,12/15/2022 11:55,8,17.23644175,1,Kibera
ECSFFIUV,12/15/2022 11:55,8,17.23644175,1,Kibera
ECSFFIUV,12/15/2022 11:55,8,17.23644175,1,Kibera
ECSFFIUV,12/15/2022 11:55,8,17.23644175,1,Kibera
ECSFFIUV,12/15/2022 11:55,8,17.23644175,1,Kibera
ECSFFIUV,12/15/2022 11:55,8,17.23644175,1,Kibera
ECSFFIUV,12/15/2022 11:55,7,17.23644175,1,Kibera
ECSFFIUV,12/15/2022 11:55,8,17.23644175,1,Kibera
ECSFFIUV,12/15/2022 11:55,8,17.23644175,1,Kibera
ECSFFIUV,12/15/2022 11:56,7,17.23644175,1,Kibera
ECSFFIUV,12/15/2022 11:56,7,17.23644175,1,Kibera
ECSFFIUV,12/15/2022 11:56,7,17.23644175,1,Kibera
ECSFFIUV,12/15/2022 11:56,8,17.23644175,1,Kibera
ECSFFIUV,12/15/2022 11:56,8,17.23644175,1,Kibera
ECSFFIUV,12/15/2022 11:56,8,17.23644175,1,Kibera
ECSFFIUV,12/15/2022 11:56,7,17.23644175,1,Kibera
ECSFFIUV,12/15/2022 11:56,7,17.23644175,1,Kibera
ECSFFIUV,12/15/2022 11:56,7,17.23644175,1,Kibera
ECSFFIUV,12/15/2022 11:56,7,17.23644175,1,Kibera
ECSFFIUV,12/15/2022 11:56,7,17.23644175,1,Kibera
ECSFFIUV,12/15/2022 11:56,7,17.23644175,1,Kibera
ECSFFIUV,12/15/2022 11:56,7,17.23644175,1,Kibera
ECSFFIUV,12/15/2022 11:56,7,17.23644175,1,Kibera
ECSFFIUV,12/15/2022 11:56,8,17.23644175,1,Kibera
ECSFFIUV,12/15/2022 11:56,8,17.23644175,1,Kibera
SGMUJTSX,12/15/2022 11:52,7,18.46030695,1,Kibera
SGMUJTSX,12/15/2022 11:52,10,18.46030695,1,Kibera
SGMUJTSX,12/15/2022 11:52,8,18.46030695,1,Kibera
SGMUJTSX,12/15/2022 11:52,8,18.46030695,1,Kibera
SGMUJTSX,12/15/2022 11:52,7,19.69595904,1,Kibera
SGMUJTSX,12/15/2022 11:52,8,20.74507089,1,Kibera
SGMUJTSX,12/15/2022 11:52,8,20.74507089,1,Kibera
SGMUJTSX,12/15/2022 11:52,8,20.74507089,1,Kibera
SGMUJTSX,12/15/2022 11:52,7,20.74507089,1,Kibera
SGMUJTSX,12/15/2022 11:52,7,20.74507089,1,Kibera
SGMUJTSX,12/15/2022 11:52,7,20.74507089,1,Kibera
SGMUJTSX,12/15/2022 11:52,7,20.74507089,1,Kibera
SGMUJTSX,12/15/2022 11:52,7,20.74507089,1,Kibera
SGMUJTSX,12/15/2022 11:52,8,20.74507089,1,Kibera
SGMUJTSX,12/15/2022 11:52,8,20.74507089,1,Kibera
SGMUJTSX,12/15/2022 11:52,9,20.74507089,1,Kibera
SGMUJTSX,12/15/2022 11:53,11,20.74507089,1,Kibera
SGMUJTSX,12/15/2022 11:53,11,20.74507089,1,Kibera
SGMUJTSX,12/15/2022 11:53,12,20.74507089,1,Kibera
SGMUJTSX,12/15/2022 11:53,10,20.74507089,1,Kibera
SGMUJTSX,12/15/2022 11:53,9,20.74507089,1,Kibera
SGMUJTSX,12/15/2022 11:53,11,20.74507089,1,Kibera
SGMUJTSX,12/15/2022 11:53,11,20.74507089,1,Kibera
SGMUJTSX,12/15/2022 11:53,12,20.74507089,1,Kibera
SGMUJTSX,12/15/2022 11:53,9,20.74507089,1,Kibera
SGMUJTSX,12/15/2022 11:53,11,20.74507089,1,Kibera
SGMUJTSX,12/15/2022 11:53,11,20.74507089,1,Kibera
SGMUJTSX,12/15/2022 11:53,11,20.74507089,1,Kibera
SGMUJTSX,12/15/2022 11:53,7,20.74507089,1,Kibera
SGMUJTSX,12/15/2022 11:53,8,20.74507089,1,Kibera
SGMUJTSX,12/15/2022 11:53,7,20.74507089,1,Kibera
SGMUJTSX,12/15/2022 11:53,7,20.74507089,1,Kibera
SGMUJTSX,12/15/2022 11:54,7,20.74507089,1,Kibera
SGMUJTSX,12/15/2022 11:54,8,20.74507089,1,Kibera
SGMUJTSX,12/15/2022 11:54,8,20.74507089,1,Kibera
SGMUJTSX,12/15/2022 11:54,8,20.74507089,1,Kibera
SGMUJTSX,12/15/2022 11:54,8,20.74507089,1,Kibera
SGMUJTSX,12/15/2022 11:54,8,20.74507089,1,Kibera
SGMUJTSX,12/15/2022 11:54,8,20.74507089,1,Kibera
SGMUJTSX,12/15/2022 11:54,8,20.74507089,1,Kibera
SGMUJTSX,12/15/2022 11:54,7,20.74507089,1,Kibera
SGMUJTSX,12/15/2022 11:54,7,20.74507089,1,Kibera
SGMUJTSX,12/15/2022 11:54,7,20.74507089,1,Kibera
SGMUJTSX,12/15/2022 11:54,8,20.74507089,1,Kibera
SGMUJTSX,12/15/2022 11:54,8,20.74507089,1,Kibera
SGMUJTSX,12/15/2022 11:54,8,20.74507089,1,Kibera
SGMUJTSX,12/15/2022 11:54,8,20.74507089,1,Kibera
SGMUJTSX,12/15/2022 11:54,8,20.74507089,1,Kibera
SGMUJTSX,12/15/2022 11:55,7,20.74507089,1,Kibera
SGMUJTSX,12/15/2022 11:55,7,20.74507089,1,Kibera
SGMUJTSX,12/15/2022 11:55,7,20.74507089,1,Kibera
SGMUJTSX,12/15/2022 11:55,7,20.74507089,1,Kibera
SGMUJTSX,12/15/2022 11:55,7,20.74507089,1,Kibera
SGMUJTSX,12/15/2022 11:55,8,20.74507089,1,Kibera
SGMUJTSX,12/15/2022 11:55,8,20.74507089,1,Kibera
SGMUJTSX,12/15/2022 11:55,8,20.74507089,1,Kibera
SGMUJTSX,12/15/2022 11:55,8,20.74507089,1,Kibera
SGMUJTSX,12/15/2022 11:55,8,20.74507089,1,Kibera
SGMUJTSX,12/15/2022 11:55,8,20.74507089,1,Kibera
SGMUJTSX,12/15/2022 11:55,7,20.74507089,1,Kibera
SGMUJTSX,12/15/2022 11:55,7,20.74507089,1,Kibera
SGMUJTSX,12/15/2022 11:55,7,20.74507089,1,Kibera
SGMUJTSX,12/15/2022 11:55,7,20.74507089,1,Kibera
SGMUJTSX,12/15/2022 11:55,7,20.74507089,1,Kibera
SGMUJTSX,12/15/2022 11:56,7,20.74507089,1,Kibera
SGMUJTSX,12/15/2022 11:56,8,20.74507089,1,Kibera
SGMUJTSX,12/15/2022 11:56,8,20.74507089,1,Kibera
SGMUJTSX,12/15/2022 11:56,7,20.74507089,1,Kibera
SGMUJTSX,12/15/2022 11:56,7,20.74507089,1,Kibera
SGMUJTSX,12/15/2022 11:56,7,20.74507089,1,Kibera
SGMUJTSX,12/15/2022 11:56,7,20.74507089,1,Kibera
SGMUJTSX,12/15/2022 11:56,9,20.74507089,1,Kibera
SGMUJTSX,12/15/2022 11:56,9,20.74507089,1,Kibera
SGMUJTSX,12/15/2022 11:56,10,14.65997113,1,Kibera
SGMUJTSX,12/15/2022 11:56,10,12.69030919,1,Kibera
SGMUJTSX,12/15/2022 11:56,12,13.52446355,1,Kibera
SGMUJTSX,12/15/2022 11:56,10,11.88678449,1,Kibera
SGMUJTSX,12/15/2022 11:56,9,12.17075929,1,Kibera
SGMUJTSX,12/15/2022 11:56,9,10.74515079,1,Kibera
SGMUJTSX,12/15/2022 11:56,8,10.59565915,1,Kibera
XUKLXPXF,12/15/2022 11:52,7,17.82274775,1,Kibera
XUKLXPXF,12/15/2022 11:52,7,17.82274775,1,Kibera
XUKLXPXF,12/15/2022 11:52,7,17.82274775,1,Kibera
XUKLXPXF,12/15/2022 11:52,7,17.82274775,1,Kibera
XUKLXPXF,12/15/2022 11:52,7,17.82274775,1,Kibera
XUKLXPXF,12/15/2022 11:52,7,17.82274775,1,Kibera
XUKLXPXF,12/15/2022 11:52,7,17.82274775,1,Kibera
XUKLXPXF,12/15/2022 11:52,7,17.82274775,1,Kibera
XUKLXPXF,12/15/2022 11:52,8,17.82274775,1,Kibera
XUKLXPXF,12/15/2022 11:52,8,17.82274775,1,Kibera
XUKLXPXF,12/15/2022 11:52,8,17.82274775,1,Kibera
XUKLXPXF,12/15/2022 11:52,8,17.82274775,1,Kibera
XUKLXPXF,12/15/2022 11:52,8,17.82274775,1,Kibera
XUKLXPXF,12/15/2022 11:52,8,17.82274775,1,Kibera
XUKLXPXF,12/15/2022 11:52,9,17.82274775,1,Kibera
XUKLXPXF,12/15/2022 11:52,9,17.82274775,1,Kibera
XUKLXPXF,12/15/2022 11:53,9,17.82274775,1,Kibera
XUKLXPXF,12/15/2022 11:53,9,17.82274775,1,Kibera
XUKLXPXF,12/15/2022 11:53,9,17.82274775,1,Kibera
XUKLXPXF,12/15/2022 11:53,9,17.82274775,1,Kibera
XUKLXPXF,12/15/2022 11:53,7,17.82274775,1,Kibera
XUKLXPXF,12/15/2022 11:53,8,17.82274775,1,Kibera
XUKLXPXF,12/15/2022 11:53,8,17.82274775,1,Kibera
XUKLXPXF,12/15/2022 11:53,8,17.82274775,1,Kibera
XUKLXPXF,12/15/2022 11:53,7,17.82274775,1,Kibera
XUKLXPXF,12/15/2022 11:53,7,17.82274775,1,Kibera
XUKLXPXF,12/15/2022 11:53,7,17.82274775,1,Kibera
XUKLXPXF,12/15/2022 11:53,7,17.82274775,1,Kibera
XUKLXPXF,12/15/2022 11:53,7,17.82274775,1,Kibera
XUKLXPXF,12/15/2022 11:53,7,17.82274775,1,Kibera
XUKLXPXF,12/15/2022 11:53,9,17.82274775,1,Kibera
XUKLXPXF,12/15/2022 11:53,9,17.82274775,1,Kibera
XUKLXPXF,12/15/2022 11:54,9,17.82274775,1,Kibera
XUKLXPXF,12/15/2022 11:54,7,17.82274775,1,Kibera
XUKLXPXF,12/15/2022 11:54,7,17.82274775,1,Kibera
XUKLXPXF,12/15/2022 11:54,7,17.82274775,1,Kibera
XUKLXPXF,12/15/2022 11:54,7,17.82274775,1,Kibera
XUKLXPXF,12/15/2022 11:54,9,17.82274775,1,Kibera
XUKLXPXF,12/15/2022 11:54,8,17.82274775,1,Kibera
XUKLXPXF,12/15/2022 11:54,8,17.82274775,1,Kibera
XUKLXPXF,12/15/2022 11:54,8,17.82274775,1,Kibera
XUKLXPXF,12/15/2022 11:54,7,17.82274775,1,Kibera
XUKLXPXF,12/15/2022 11:54,7,17.82274775,1,Kibera
XUKLXPXF,12/15/2022 11:54,7,17.82274775,1,Kibera
XUKLXPXF,12/15/2022 11:54,8,17.82274775,1,Kibera
XUKLXPXF,12/15/2022 11:54,7,17.82274775,1,Kibera
XUKLXPXF,12/15/2022 11:54,7,17.82274775,1,Kibera
XUKLXPXF,12/15/2022 11:54,7,17.82274775,1,Kibera
XUKLXPXF,12/15/2022 11:55,8,17.82274775,1,Kibera
XUKLXPXF,12/15/2022 11:55,7,17.82274775,1,Kibera
XUKLXPXF,12/15/2022 11:55,7,17.82274775,1,Kibera
XUKLXPXF,12/15/2022 11:55,8,17.82274775,1,Kibera
XUKLXPXF,12/15/2022 11:55,7,17.82274775,1,Kibera
XUKLXPXF,12/15/2022 11:55,8,17.82274775,1,Kibera
XUKLXPXF,12/15/2022 11:55,7,17.82274775,1,Kibera
XUKLXPXF,12/15/2022 11:55,7,17.82274775,1,Kibera
XUKLXPXF,12/15/2022 11:55,9,17.82274775,1,Kibera
XUKLXPXF,12/15/2022 11:55,7,17.82274775,1,Kibera
XUKLXPXF,12/15/2022 11:55,8,17.82274775,1,Kibera
XUKLXPXF,12/15/2022 11:55,8,17.82274775,1,Kibera
XUKLXPXF,12/15/2022 11:55,8,17.82274775,1,Kibera
XUKLXPXF,12/15/2022 11:55,8,17.82274775,1,Kibera
XUKLXPXF,12/15/2022 11:55,8,17.82274775,1,Kibera
XUKLXPXF,12/15/2022 11:56,7,16.14187908,1,Kibera
XUKLXPXF,12/15/2022 11:56,7,14.42914321,1,Kibera
XUKLXPXF,12/15/2022 11:56,8,13.80069339,1,Kibera
XUKLXPXF,12/15/2022 11:56,8,14.13778908,1,Kibera
XUKLXPXF,12/15/2022 11:56,7,14.13778908,1,Kibera
XUKLXPXF,12/15/2022 11:56,8,14.13778908,1,Kibera
XUKLXPXF,12/15/2022 11:56,9,14.13778908,1,Kibera
XUKLXPXF,12/15/2022 11:56,9,14.13778908,1,Kibera
XUKLXPXF,12/15/2022 11:56,8,14.13778908,1,Kibera
XUKLXPXF,12/15/2022 11:56,8,14.13778908,1,Kibera
XUKLXPXF,12/15/2022 11:56,9,14.13778908,1,Kibera
XUKLXPXF,12/15/2022 11:56,10,14.13778908,1,Kibera
XUKLXPXF,12/15/2022 11:56,8,14.13778908,1,Kibera
XUKLXPXF,12/15/2022 11:56,9,14.13778908,1,Kibera
XUKLXPXF,12/15/2022 11:56,9,14.13778908,1,Kibera
ARTYIPAL,12/15/2022 12:20,10,15.92565404,2,Kibera
ARTYIPAL,12/15/2022 12:20,10,15.92565404,2,Kibera
ARTYIPAL,12/15/2022 12:20,14,35.12395122,2,Kibera
ARTYIPAL,12/15/2022 12:20,14,52.91952559,2,Kibera
ARTYIPAL,12/15/2022 12:20,14,52.91952559,2,Kibera
ARTYIPAL,12/15/2022 12:20,20,58.7505529,2,Kibera
ARTYIPAL,12/15/2022 12:20,20,60.08085211,2,Kibera
ARTYIPAL,12/15/2022 12:20,10,48.3224986,2,Kibera
ARTYIPAL,12/15/2022 12:22,118,9.023057821,2,Kibera
ARTYIPAL,12/15/2022 12:22,11,12.1989329,2,Kibera
ARTYIPAL,12/15/2022 12:22,11,13.93614774,2,Kibera
ARTYIPAL,12/15/2022 12:22,10,13.93614774,2,Kibera
ARTYIPAL,12/15/2022 12:22,8,13.93614774,2,Kibera
ARTYIPAL,12/15/2022 12:23,7,13.93614774,2,Kibera
ARTYIPAL,12/15/2022 12:23,9,13.93614774,2,Kibera
ARTYIPAL,12/15/2022 12:23,9,13.93614774,2,Kibera
ARTYIPAL,12/15/2022 12:23,7,13.93614774,2,Kibera
ARTYIPAL,12/15/2022 12:23,11,13.93614774,2,Kibera
ARTYIPAL,12/15/2022 12:23,7,13.93614774,2,Kibera
ARTYIPAL,12/15/2022 12:23,9,13.93614774,2,Kibera
ARTYIPAL,12/15/2022 12:23,9,13.93614774,2,Kibera
ARTYIPAL,12/15/2022 12:23,7,13.93614774,2,Kibera
ARTYIPAL,12/15/2022 12:23,11,13.93614774,2,Kibera
ARTYIPAL,12/15/2022 12:23,11,13.93614774,2,Kibera
ARTYIPAL,12/15/2022 12:23,9,13.93614774,2,Kibera
ARTYIPAL,12/15/2022 12:23,8,13.93614774,2,Kibera
ARTYIPAL,12/15/2022 12:23,10,13.93614774,2,Kibera
ARTYIPAL,12/15/2022 12:23,11,13.93614774,2,Kibera
ARTYIPAL,12/15/2022 12:23,9,13.93614774,2,Kibera
ARTYIPAL,12/15/2022 12:24,9,13.93614774,2,Kibera
ARTYIPAL,12/15/2022 12:24,9,13.93614774,2,Kibera
ARTYIPAL,12/15/2022 12:24,9,13.93614774,2,Kibera
ARTYIPAL,12/15/2022 12:24,9,13.93614774,2,Kibera
ARTYIPAL,12/15/2022 12:24,8,13.93614774,2,Kibera
ARTYIPAL,12/15/2022 12:24,10,13.93614774,2,Kibera
ARTYIPAL,12/15/2022 12:24,11,13.93614774,2,Kibera
ARTYIPAL,12/15/2022 12:24,14,13.93614774,2,Kibera
ARTYIPAL,12/15/2022 12:24,10,13.93614774,2,Kibera
ARTYIPAL,12/15/2022 12:24,8,24.19114773,2,Kibera
ARTYIPAL,12/15/2022 12:24,8,25.13923705,2,Kibera
ARTYIPAL,12/15/2022 12:24,8,25.13923705,2,Kibera
ARTYIPAL,12/15/2022 12:24,8,25.13923705,2,Kibera
ARTYIPAL,12/15/2022 12:24,8,25.13923705,2,Kibera
ARTYIPAL,12/15/2022 12:24,8,25.13923705,2,Kibera
ARTYIPAL,12/15/2022 12:24,8,25.13923705,2,Kibera
ECSFFIUV,12/15/2022 12:20,15,21.54275937,2,Kibera
ECSFFIUV,12/15/2022 12:20,15,21.54275937,2,Kibera
ECSFFIUV,12/15/2022 12:20,15,21.54275937,2,Kibera
ECSFFIUV,12/15/2022 12:20,15,21.54275937,2,Kibera
ECSFFIUV,12/15/2022 12:20,24,21.54275937,2,Kibera
ECSFFIUV,12/15/2022 12:20,10,21.54275937,2,Kibera
ECSFFIUV,12/15/2022 12:20,9,21.54275937,2,Kibera
ECSFFIUV,12/15/2022 12:20,15,21.54275937,2,Kibera
ECSFFIUV,12/15/2022 12:20,15,21.54275937,2,Kibera
ECSFFIUV,12/15/2022 12:20,14,21.54275937,2,Kibera
ECSFFIUV,12/15/2022 12:20,10,21.54275937,2,Kibera
ECSFFIUV,12/15/2022 12:20,15,21.54275937,2,Kibera
ECSFFIUV,12/15/2022 12:20,15,21.54275937,2,Kibera
ECSFFIUV,12/15/2022 12:20,15,21.54275937,2,Kibera
ECSFFIUV,12/15/2022 12:20,15,21.54275937,2,Kibera
ECSFFIUV,12/15/2022 12:21,15,21.54275937,2,Kibera
ECSFFIUV,12/15/2022 12:21,15,21.54275937,2,Kibera
ECSFFIUV,12/15/2022 12:21,9,21.54275937,2,Kibera
ECSFFIUV,12/15/2022 12:21,9,21.54275937,2,Kibera
ECSFFIUV,12/15/2022 12:21,9,21.54275937,2,Kibera
ECSFFIUV,12/15/2022 12:21,8,21.54275937,2,Kibera
ECSFFIUV,12/15/2022 12:21,8,21.54275937,2,Kibera
ECSFFIUV,12/15/2022 12:21,9,21.54275937,2,Kibera
ECSFFIUV,12/15/2022 12:21,10,21.54275937,2,Kibera
ECSFFIUV,12/15/2022 12:21,8,21.54275937,2,Kibera
ECSFFIUV,12/15/2022 12:21,7,21.54275937,2,Kibera
ECSFFIUV,12/15/2022 12:21,7,21.54275937,2,Kibera
ECSFFIUV,12/15/2022 12:21,7,21.54275937,2,Kibera
ECSFFIUV,12/15/2022 12:21,9,21.54275937,2,Kibera
ECSFFIUV,12/15/2022 12:21,7,21.54275937,2,Kibera
ECSFFIUV,12/15/2022 12:22,7,21.54275937,2,Kibera
ECSFFIUV,12/15/2022 12:22,7,21.54275937,2,Kibera
ECSFFIUV,12/15/2022 12:22,8,21.54275937,2,Kibera
ECSFFIUV,12/15/2022 12:22,7,21.54275937,2,Kibera
ECSFFIUV,12/15/2022 12:22,11,21.54275937,2,Kibera
ECSFFIUV,12/15/2022 12:22,8,21.54275937,2,Kibera
ECSFFIUV,12/15/2022 12:22,7,21.54275937,2,Kibera
ECSFFIUV,12/15/2022 12:22,10,21.54275937,2,Kibera
ECSFFIUV,12/15/2022 12:22,14,21.54275937,2,Kibera
ECSFFIUV,12/15/2022 12:22,14,21.54275937,2,Kibera
ECSFFIUV,12/15/2022 12:22,9,21.54275937,2,Kibera
ECSFFIUV,12/15/2022 12:22,7,21.54275937,2,Kibera
ECSFFIUV,12/15/2022 12:22,7,21.54275937,2,Kibera
ECSFFIUV,12/15/2022 12:22,11,21.54275937,2,Kibera
ECSFFIUV,12/15/2022 12:22,9,21.54275937,2,Kibera
ECSFFIUV,12/15/2022 12:23,14,21.54275937,2,Kibera
ECSFFIUV,12/15/2022 12:23,14,21.54275937,2,Kibera
ECSFFIUV,12/15/2022 12:23,14,21.54275937,2,Kibera
ECSFFIUV,12/15/2022 12:23,10,21.54275937,2,Kibera
ECSFFIUV,12/15/2022 12:23,10,21.54275937,2,Kibera
ECSFFIUV,12/15/2022 12:23,10,21.54275937,2,Kibera
ECSFFIUV,12/15/2022 12:23,10,21.54275937,2,Kibera
ECSFFIUV,12/15/2022 12:23,10,21.54275937,2,Kibera
ECSFFIUV,12/15/2022 12:23,10,21.54275937,2,Kibera
ECSFFIUV,12/15/2022 12:23,14,21.54275937,2,Kibera
ECSFFIUV,12/15/2022 12:23,14,21.54275937,2,Kibera
ECSFFIUV,12/15/2022 12:23,14,21.54275937,2,Kibera
ECSFFIUV,12/15/2022 12:23,14,21.54275937,2,Kibera
ECSFFIUV,12/15/2022 12:23,8,21.54275937,2,Kibera
ECSFFIUV,12/15/2022 12:23,10,21.54275937,2,Kibera
ECSFFIUV,12/15/2022 12:24,10,21.54275937,2,Kibera
ECSFFIUV,12/15/2022 12:24,10,21.54275937,2,Kibera
ECSFFIUV,12/15/2022 12:24,21,21.54275937,2,Kibera
ECSFFIUV,12/15/2022 12:24,21,21.54275937,2,Kibera
ECSFFIUV,12/15/2022 12:24,9,21.54275937,2,Kibera
ECSFFIUV,12/15/2022 12:24,9,21.54275937,2,Kibera
ECSFFIUV,12/15/2022 12:24,9,21.54275937,2,Kibera
ECSFFIUV,12/15/2022 12:24,9,21.54275937,2,Kibera
ECSFFIUV,12/15/2022 12:24,8,21.54275937,2,Kibera
ECSFFIUV,12/15/2022 12:24,8,21.54275937,2,Kibera
ECSFFIUV,12/15/2022 12:24,11,21.54275937,2,Kibera
ECSFFIUV,12/15/2022 12:24,9,21.54275937,2,Kibera
ECSFFIUV,12/15/2022 12:24,21,21.54275937,2,Kibera
ECSFFIUV,12/15/2022 12:24,12,21.54275937,2,Kibera
ECSFFIUV,12/15/2022 12:24,12,21.54275937,2,Kibera
SGMUJTSX,12/15/2022 12:20,9,40.20356275,2,Kibera
SGMUJTSX,12/15/2022 12:20,9,40.20356275,2,Kibera
SGMUJTSX,12/15/2022 12:20,9,40.20356275,2,Kibera
SGMUJTSX,12/15/2022 12:20,10,40.20356275,2,Kibera
SGMUJTSX,12/15/2022 12:20,10,40.20356275,2,Kibera
SGMUJTSX,12/15/2022 12:20,10,40.20356275,2,Kibera
SGMUJTSX,12/15/2022 12:20,10,40.20356275,2,Kibera
SGMUJTSX,12/15/2022 12:20,10,40.20356275,2,Kibera
SGMUJTSX,12/15/2022 12:20,10,40.20356275,2,Kibera
SGMUJTSX,12/15/2022 12:20,10,40.20356275,2,Kibera
SGMUJTSX,12/15/2022 12:20,8,40.20356275,2,Kibera
SGMUJTSX,12/15/2022 12:20,8,40.20356275,2,Kibera
SGMUJTSX,12/15/2022 12:20,8,40.20356275,2,Kibera
SGMUJTSX,12/15/2022 12:20,10,40.20356275,2,Kibera
SGMUJTSX,12/15/2022 12:20,10,40.20356275,2,Kibera
SGMUJTSX,12/15/2022 12:20,9,40.20356275,2,Kibera
SGMUJTSX,12/15/2022 12:21,8,40.20356275,2,Kibera
SGMUJTSX,12/15/2022 12:21,8,40.20356275,2,Kibera
SGMUJTSX,12/15/2022 12:21,7,40.20356275,2,Kibera
SGMUJTSX,12/15/2022 12:21,7,40.20356275,2,Kibera
SGMUJTSX,12/15/2022 12:21,7,40.20356275,2,Kibera
SGMUJTSX,12/15/2022 12:21,7,40.20356275,2,Kibera
SGMUJTSX,12/15/2022 12:21,8,40.20356275,2,Kibera
SGMUJTSX,12/15/2022 12:21,8,40.20356275,2,Kibera
SGMUJTSX,12/15/2022 12:21,7,40.20356275,2,Kibera
SGMUJTSX,12/15/2022 12:21,8,40.20356275,2,Kibera
SGMUJTSX,12/15/2022 12:21,7,40.20356275,2,Kibera
SGMUJTSX,12/15/2022 12:21,7,40.20356275,2,Kibera
SGMUJTSX,12/15/2022 12:21,7,40.20356275,2,Kibera
SGMUJTSX,12/15/2022 12:21,7,40.20356275,2,Kibera
SGMUJTSX,12/15/2022 12:21,7,40.20356275,2,Kibera
SGMUJTSX,12/15/2022 12:21,7,40.20356275,2,Kibera
SGMUJTSX,12/15/2022 12:22,7,40.20356275,2,Kibera
SGMUJTSX,12/15/2022 12:22,7,40.20356275,2,Kibera
SGMUJTSX,12/15/2022 12:22,7,40.20356275,2,Kibera
SGMUJTSX,12/15/2022 12:22,9,40.20356275,2,Kibera
SGMUJTSX,12/15/2022 12:22,8,40.20356275,2,Kibera
SGMUJTSX,12/15/2022 12:22,8,40.20356275,2,Kibera
SGMUJTSX,12/15/2022 12:22,8,40.20356275,2,Kibera
SGMUJTSX,12/15/2022 12:22,7,40.20356275,2,Kibera
SGMUJTSX,12/15/2022 12:22,11,40.20356275,2,Kibera
SGMUJTSX,12/15/2022 12:22,8,40.20356275,2,Kibera
SGMUJTSX,12/15/2022 12:22,8,40.20356275,2,Kibera
SGMUJTSX,12/15/2022 12:22,8,40.20356275,2,Kibera
SGMUJTSX,12/15/2022 12:22,8,40.20356275,2,Kibera
SGMUJTSX,12/15/2022 12:22,11,40.20356275,2,Kibera
SGMUJTSX,12/15/2022 12:22,11,40.20356275,2,Kibera
SGMUJTSX,12/15/2022 12:22,9,40.20356275,2,Kibera
SGMUJTSX,12/15/2022 12:23,7,40.20356275,2,Kibera
SGMUJTSX,12/15/2022 12:23,8,40.20356275,2,Kibera
SGMUJTSX,12/15/2022 12:23,8,40.20356275,2,Kibera
SGMUJTSX,12/15/2022 12:23,11,40.20356275,2,Kibera
SGMUJTSX,12/15/2022 12:23,11,40.20356275,2,Kibera
SGMUJTSX,12/15/2022 12:23,8,40.20356275,2,Kibera
SGMUJTSX,12/15/2022 12:23,8,40.20356275,2,Kibera
SGMUJTSX,12/15/2022 12:23,11,40.20356275,2,Kibera
SGMUJTSX,12/15/2022 12:23,8,40.20356275,2,Kibera
SGMUJTSX,12/15/2022 12:23,8,40.20356275,2,Kibera
SGMUJTSX,12/15/2022 12:23,14,40.20356275,2,Kibera
SGMUJTSX,12/15/2022 12:23,14,40.20356275,2,Kibera
SGMUJTSX,12/15/2022 12:23,9,40.20356275,2,Kibera
SGMUJTSX,12/15/2022 12:23,8,40.20356275,2,Kibera
SGMUJTSX,12/15/2022 12:23,8,40.20356275,2,Kibera
SGMUJTSX,12/15/2022 12:23,7,40.20356275,2,Kibera
SGMUJTSX,12/15/2022 12:24,7,40.20356275,2,Kibera
SGMUJTSX,12/15/2022 12:24,8,40.20356275,2,Kibera
SGMUJTSX,12/15/2022 12:24,8,40.20356275,2,Kibera
SGMUJTSX,12/15/2022 12:24,8,40.20356275,2,Kibera
SGMUJTSX,12/15/2022 12:24,8,40.20356275,2,Kibera
SGMUJTSX,12/15/2022 12:24,8,36.64436595,2,Kibera
SGMUJTSX,12/15/2022 12:24,7,36.06923709,2,Kibera
SGMUJTSX,12/15/2022 12:24,11,36.07434284,2,Kibera
SGMUJTSX,12/15/2022 12:24,15,35.30799537,2,Kibera
SGMUJTSX,12/15/2022 12:24,14,30.22732141,2,Kibera
SGMUJTSX,12/15/2022 12:24,16,29.46922383,2,Kibera
SGMUJTSX,12/15/2022 12:24,16,29.46922383,2,Kibera
SGMUJTSX,12/15/2022 12:24,13,24.73888996,2,Kibera
SGMUJTSX,12/15/2022 12:24,11,26.2054793,2,Kibera
XUKLXPXF,12/15/2022 12:20,11,18.79336945,2,Kibera
XUKLXPXF,12/15/2022 12:20,11,20.24354024,2,Kibera
XUKLXPXF,12/15/2022 12:20,13,22.40403383,2,Kibera
XUKLXPXF,12/15/2022 12:20,9,23.72636161,2,Kibera
XUKLXPXF,12/15/2022 12:20,54,29.97822628,2,Kibera
XUKLXPXF,12/15/2022 12:20,16,29.51961593,2,Kibera
XUKLXPXF,12/15/2022 12:20,12,29.51961593,2,Kibera
XUKLXPXF,12/15/2022 12:20,13,29.51961593,2,Kibera
XUKLXPXF,12/15/2022 12:20,10,30.93933377,2,Kibera
XUKLXPXF,12/15/2022 12:20,10,30.93933377,2,Kibera
XUKLXPXF,12/15/2022 12:20,11,30.93933377,2,Kibera
XUKLXPXF,12/15/2022 12:20,11,30.93933377,2,Kibera
XUKLXPXF,12/15/2022 12:20,13,30.93933377,2,Kibera
XUKLXPXF,12/15/2022 12:20,35,23.92847156,2,Kibera
XUKLXPXF,12/15/2022 12:20,16,18.29034274,2,Kibera
XUKLXPXF,12/15/2022 12:21,11,25.32562954,2,Kibera
XUKLXPXF,12/15/2022 12:21,20,25.26316584,2,Kibera
XUKLXPXF,12/15/2022 12:21,28,29.58794687,2,Kibera
XUKLXPXF,12/15/2022 12:21,25,42.89282223,2,Kibera
XUKLXPXF,12/15/2022 12:21,12,51.98703971,2,Kibera
XUKLXPXF,12/15/2022 12:21,76,52.09455176,2,Kibera
XUKLXPXF,12/15/2022 12:21,10,45.33019746,2,Kibera
XUKLXPXF,12/15/2022 12:21,13,44.85679957,2,Kibera
XUKLXPXF,12/15/2022 12:21,13,44.85679957,2,Kibera
XUKLXPXF,12/15/2022 12:21,16,44.85679957,2,Kibera
XUKLXPXF,12/15/2022 12:21,35,22.71148819,2,Kibera
XUKLXPXF,12/15/2022 12:21,16,22.23849917,2,Kibera
XUKLXPXF,12/15/2022 12:21,14,22.23849917,2,Kibera
XUKLXPXF,12/15/2022 12:21,14,22.23849917,2,Kibera
XUKLXPXF,12/15/2022 12:22,14,22.23849917,2,Kibera
XUKLXPXF,12/15/2022 12:22,35,22.23849917,2,Kibera
XUKLXPXF,12/15/2022 12:22,26,22.23849917,2,Kibera
XUKLXPXF,12/15/2022 12:22,18,22.23849917,2,Kibera
XUKLXPXF,12/15/2022 12:22,18,22.23849917,2,Kibera
XUKLXPXF,12/15/2022 12:22,18,22.23849917,2,Kibera
XUKLXPXF,12/15/2022 12:22,15,22.23849917,2,Kibera
XUKLXPXF,12/15/2022 12:22,10,22.23849917,2,Kibera
XUKLXPXF,12/15/2022 12:22,15,22.23849917,2,Kibera
XUKLXPXF,12/15/2022 12:22,10,22.23849917,2,Kibera
XUKLXPXF,12/15/2022 12:22,9,22.23849917,2,Kibera
XUKLXPXF,12/15/2022 12:22,12,22.23849917,2,Kibera
XUKLXPXF,12/15/2022 12:22,10,22.23849917,2,Kibera
XUKLXPXF,12/15/2022 12:22,14,22.23849917,2,Kibera
XUKLXPXF,12/15/2022 12:22,35,22.23849917,2,Kibera
XUKLXPXF,12/15/2022 12:23,52,22.23849917,2,Kibera
XUKLXPXF,12/15/2022 12:23,13,22.23849917,2,Kibera
XUKLXPXF,12/15/2022 12:23,15,22.23849917,2,Kibera
XUKLXPXF,12/15/2022 12:23,15,22.23849917,2,Kibera
XUKLXPXF,12/15/2022 12:23,52,22.23849917,2,Kibera
XUKLXPXF,12/15/2022 12:23,16,26.07107332,2,Kibera
XUKLXPXF,12/15/2022 12:23,13,26.07107332,2,Kibera
XUKLXPXF,12/15/2022 12:23,30,26.07107332,2,Kibera
XUKLXPXF,12/15/2022 12:23,30,26.07107332,2,Kibera
XUKLXPXF,12/15/2022 12:23,30,26.07107332,2,Kibera
XUKLXPXF,12/15/2022 12:23,9,26.07107332,2,Kibera
XUKLXPXF,12/15/2022 12:23,25,26.07107332,2,Kibera
XUKLXPXF,12/15/2022 12:23,19,26.07107332,2,Kibera
XUKLXPXF,12/15/2022 12:23,19,26.07107332,2,Kibera
XUKLXPXF,12/15/2022 12:23,19,26.07107332,2,Kibera
XUKLXPXF,12/15/2022 12:24,19,26.07107332,2,Kibera
XUKLXPXF,12/15/2022 12:24,114,26.07107332,2,Kibera
XUKLXPXF,12/15/2022 12:24,40,26.07107332,2,Kibera
XUKLXPXF,12/15/2022 12:24,126,26.07107332,2,Kibera
XUKLXPXF,12/15/2022 12:24,16,20.25555783,2,Kibera
XUKLXPXF,12/15/2022 12:24,35,27.947829,2,Kibera
XUKLXPXF,12/15/2022 12:24,35,24.02639457,2,Kibera
XUKLXPXF,12/15/2022 12:24,35,26.40027713,2,Kibera
XUKLXPXF,12/15/2022 12:24,15,26.14174293,2,Kibera
XUKLXPXF,12/15/2022 12:24,52,12.50917035,2,Kibera
XUKLXPXF,12/15/2022 12:24,52,21.52759254,2,Kibera
XUKLXPXF,12/15/2022 12:24,15,26.14174293,2,Kibera
XUKLXPXF,12/15/2022 12:24,35,26.39269247,2,Kibera
ARTYIPAL,12/15/2022 12:56,21,5.730272042,3,Kibera
ARTYIPAL,12/15/2022 12:56,21,5.730272042,3,Kibera
ARTYIPAL,12/15/2022 12:56,16,5.730272042,3,Kibera
ARTYIPAL,12/15/2022 12:56,16,5.730272042,3,Kibera
ARTYIPAL,12/15/2022 12:56,17,5.730272042,3,Kibera
ARTYIPAL,12/15/2022 12:56,16,5.730272042,3,Kibera
ARTYIPAL,12/15/2022 12:56,16,5.730272042,3,Kibera
ARTYIPAL,12/15/2022 12:56,16,5.730272042,3,Kibera
ARTYIPAL,12/15/2022 12:56,126,35.09620972,3,Kibera
ARTYIPAL,12/15/2022 12:56,126,31.94111053,3,Kibera
ARTYIPAL,12/15/2022 12:57,126,31.94111053,3,Kibera
ARTYIPAL,12/15/2022 12:57,48,14.26000548,3,Kibera
ARTYIPAL,12/15/2022 12:57,59,18.96696209,3,Kibera
ARTYIPAL,12/15/2022 12:57,59,13.11643058,3,Kibera
ARTYIPAL,12/15/2022 12:57,17,7.904751833,3,Kibera
ARTYIPAL,12/15/2022 12:57,17,7.904751833,3,Kibera
ARTYIPAL,12/15/2022 12:57,58,10.20840397,3,Kibera
ARTYIPAL,12/15/2022 12:57,22,12.23181534,3,Kibera
ARTYIPAL,12/15/2022 12:58,22,12.23181534,3,Kibera
ARTYIPAL,12/15/2022 12:58,22,12.23181534,3,Kibera
ARTYIPAL,12/15/2022 12:58,17,12.23181534,3,Kibera
ARTYIPAL,12/15/2022 12:58,17,12.23181534,3,Kibera
ARTYIPAL,12/15/2022 12:58,31,12.23181534,3,Kibera
ARTYIPAL,12/15/2022 12:58,30,12.23181534,3,Kibera
ARTYIPAL,12/15/2022 12:58,16,12.23181534,3,Kibera
ARTYIPAL,12/15/2022 12:58,16,12.23181534,3,Kibera
ARTYIPAL,12/15/2022 12:58,22,12.23181534,3,Kibera
ARTYIPAL,12/15/2022 12:58,22,12.23181534,3,Kibera
ARTYIPAL,12/15/2022 13:00,22,12.23181534,3,Kibera
ECSFFIUV,12/15/2022 12:56,8,15.99064892,3,Kibera
ECSFFIUV,12/15/2022 12:56,8,15.99064892,3,Kibera
ECSFFIUV,12/15/2022 12:56,8,15.99064892,3,Kibera
ECSFFIUV,12/15/2022 12:56,8,15.99064892,3,Kibera
ECSFFIUV,12/15/2022 12:56,8,16.82842556,3,Kibera
ECSFFIUV,12/15/2022 12:56,16,13.79018205,3,Kibera
ECSFFIUV,12/15/2022 12:56,16,11.9413231,3,Kibera
ECSFFIUV,12/15/2022 12:56,16,12.49799747,3,Kibera
ECSFFIUV,12/15/2022 12:56,13,16.13215719,3,Kibera
ECSFFIUV,12/15/2022 12:56,9,15.78457085,3,Kibera
ECSFFIUV,12/15/2022 12:56,9,15.78457085,3,Kibera
ECSFFIUV,12/15/2022 12:56,8,15.78457085,3,Kibera
ECSFFIUV,12/15/2022 12:57,8,15.78457085,3,Kibera
ECSFFIUV,12/15/2022 12:57,8,15.78457085,3,Kibera
ECSFFIUV,12/15/2022 12:57,11,15.78457085,3,Kibera
ECSFFIUV,12/15/2022 12:57,8,15.78457085,3,Kibera
ECSFFIUV,12/15/2022 12:57,10,15.78457085,3,Kibera
ECSFFIUV,12/15/2022 12:57,11,15.78457085,3,Kibera
ECSFFIUV,12/15/2022 12:57,10,15.78457085,3,Kibera
ECSFFIUV,12/15/2022 12:57,11,15.78457085,3,Kibera
ECSFFIUV,12/15/2022 12:57,9,15.78457085,3,Kibera
ECSFFIUV,12/15/2022 12:57,8,15.78457085,3,Kibera
ECSFFIUV,12/15/2022 12:57,11,15.78457085,3,Kibera
ECSFFIUV,12/15/2022 12:57,11,15.78457085,3,Kibera
ECSFFIUV,12/15/2022 12:57,8,15.78457085,3,Kibera
ECSFFIUV,12/15/2022 12:57,16,15.78457085,3,Kibera
ECSFFIUV,12/15/2022 12:57,9,15.78457085,3,Kibera
ECSFFIUV,12/15/2022 12:58,8,15.78457085,3,Kibera
ECSFFIUV,12/15/2022 12:58,9,15.78457085,3,Kibera
ECSFFIUV,12/15/2022 12:58,9,15.78457085,3,Kibera
ECSFFIUV,12/15/2022 12:58,9,15.78457085,3,Kibera
ECSFFIUV,12/15/2022 12:58,8,15.78457085,3,Kibera
ECSFFIUV,12/15/2022 12:58,8,15.78457085,3,Kibera
ECSFFIUV,12/15/2022 12:58,8,15.78457085,3,Kibera
ECSFFIUV,12/15/2022 12:58,16,15.78457085,3,Kibera
ECSFFIUV,12/15/2022 12:58,19,15.78457085,3,Kibera
ECSFFIUV,12/15/2022 12:58,19,15.78457085,3,Kibera
ECSFFIUV,12/15/2022 12:58,9,15.78457085,3,Kibera
ECSFFIUV,12/15/2022 12:58,10,15.78457085,3,Kibera
ECSFFIUV,12/15/2022 12:58,8,15.78457085,3,Kibera
ECSFFIUV,12/15/2022 12:58,8,15.78457085,3,Kibera
ECSFFIUV,12/15/2022 12:58,8,15.78457085,3,Kibera
ECSFFIUV,12/15/2022 12:59,7,15.78457085,3,Kibera
ECSFFIUV,12/15/2022 12:59,8,15.78457085,3,Kibera
ECSFFIUV,12/15/2022 12:59,9,15.78457085,3,Kibera
ECSFFIUV,12/15/2022 12:59,10,15.78457085,3,Kibera
ECSFFIUV,12/15/2022 12:59,8,15.78457085,3,Kibera
ECSFFIUV,12/15/2022 12:59,8,15.78457085,3,Kibera
ECSFFIUV,12/15/2022 12:59,8,15.78457085,3,Kibera
ECSFFIUV,12/15/2022 12:59,8,15.78457085,3,Kibera
ECSFFIUV,12/15/2022 12:59,7,15.78457085,3,Kibera
ECSFFIUV,12/15/2022 12:59,8,6.096852872,3,Kibera
ECSFFIUV,12/15/2022 12:59,8,6.273166035,3,Kibera
ECSFFIUV,12/15/2022 12:59,7,6.273166035,3,Kibera
ECSFFIUV,12/15/2022 12:59,8,6.273166035,3,Kibera
ECSFFIUV,12/15/2022 12:59,7,6.273166035,3,Kibera
ECSFFIUV,12/15/2022 12:59,7,6.273166035,3,Kibera
ECSFFIUV,12/15/2022 12:59,9,6.273166035,3,Kibera
ECSFFIUV,12/15/2022 13:00,8,6.273166035,3,Kibera
ECSFFIUV,12/15/2022 13:00,9,6.273166035,3,Kibera
ECSFFIUV,12/15/2022 13:00,9,6.273166035,3,Kibera
ECSFFIUV,12/15/2022 13:00,9,6.273166035,3,Kibera
ECSFFIUV,12/15/2022 13:00,10,6.273166035,3,Kibera
ECSFFIUV,12/15/2022 13:00,8,6.273166035,3,Kibera
ECSFFIUV,12/15/2022 13:00,18,6.273166035,3,Kibera
ECSFFIUV,12/15/2022 13:00,10,6.273166035,3,Kibera
ECSFFIUV,12/15/2022 13:00,13,6.273166035,3,Kibera
ECSFFIUV,12/15/2022 13:00,20,5.680173516,3,Kibera
ECSFFIUV,12/15/2022 13:00,12,3.85730146,3,Kibera
ECSFFIUV,12/15/2022 13:00,12,3.85730146,3,Kibera
ECSFFIUV,12/15/2022 13:00,22,3.85730146,3,Kibera
ECSFFIUV,12/15/2022 13:01,18,3.85730146,3,Kibera
ECSFFIUV,12/15/2022 13:01,39,3.85730146,3,Kibera
ECSFFIUV,12/15/2022 13:01,26,3.85730146,3,Kibera
ECSFFIUV,12/15/2022 13:01,21,44.34409325,3,Kibera
ECSFFIUV,12/15/2022 13:01,21,51.33974806,3,Kibera
ECSFFIUV,12/15/2022 13:01,35,51.40039581,3,Kibera
ECSFFIUV,12/15/2022 13:01,27,17.24868259,3,Kibera
SGMUJTSX,12/15/2022 12:56,7,6.147806638,3,Kibera
SGMUJTSX,12/15/2022 12:56,9,6.147806638,3,Kibera
SGMUJTSX,12/15/2022 12:56,8,6.147806638,3,Kibera
SGMUJTSX,12/15/2022 12:56,8,6.147806638,3,Kibera
SGMUJTSX,12/15/2022 12:56,8,6.147806638,3,Kibera
SGMUJTSX,12/15/2022 12:56,11,6.147806638,3,Kibera
SGMUJTSX,12/15/2022 12:56,7,6.147806638,3,Kibera
SGMUJTSX,12/15/2022 12:56,7,6.147806638,3,Kibera
SGMUJTSX,12/15/2022 12:56,11,6.147806638,3,Kibera
SGMUJTSX,12/15/2022 12:56,18,6.147806638,3,Kibera
SGMUJTSX,12/15/2022 12:56,13,12.57554036,3,Kibera
SGMUJTSX,12/15/2022 12:56,16,20.69628884,3,Kibera
SGMUJTSX,12/15/2022 12:56,16,23.78571685,3,Kibera
SGMUJTSX,12/15/2022 12:56,8,32.29984438,3,Kibera
SGMUJTSX,12/15/2022 12:57,8,29.62640141,3,Kibera
SGMUJTSX,12/15/2022 12:57,11,29.77660024,3,Kibera
SGMUJTSX,12/15/2022 12:57,9,29.77660024,3,Kibera
SGMUJTSX,12/15/2022 12:57,12,29.77660024,3,Kibera
SGMUJTSX,12/15/2022 12:57,12,29.77660024,3,Kibera
SGMUJTSX,12/15/2022 12:57,8,29.77660024,3,Kibera
SGMUJTSX,12/15/2022 12:57,8,29.77660024,3,Kibera
SGMUJTSX,12/15/2022 12:57,8,29.77660024,3,Kibera
SGMUJTSX,12/15/2022 12:57,9,29.77660024,3,Kibera
SGMUJTSX,12/15/2022 12:57,9,29.77660024,3,Kibera
SGMUJTSX,12/15/2022 12:57,10,29.77660024,3,Kibera
SGMUJTSX,12/15/2022 12:57,10,29.77660024,3,Kibera
SGMUJTSX,12/15/2022 12:57,9,29.77660024,3,Kibera
SGMUJTSX,12/15/2022 12:57,8,29.77660024,3,Kibera
SGMUJTSX,12/15/2022 12:57,7,29.77660024,3,Kibera
SGMUJTSX,12/15/2022 12:57,7,29.77660024,3,Kibera
SGMUJTSX,12/15/2022 12:58,8,29.77660024,3,Kibera
SGMUJTSX,12/15/2022 12:58,8,29.77660024,3,Kibera
SGMUJTSX,12/15/2022 12:58,7,29.77660024,3,Kibera
SGMUJTSX,12/15/2022 12:58,7,29.77660024,3,Kibera
SGMUJTSX,12/15/2022 12:58,8,29.77660024,3,Kibera
SGMUJTSX,12/15/2022 12:58,8,29.77660024,3,Kibera
SGMUJTSX,12/15/2022 12:58,8,29.77660024,3,Kibera
SGMUJTSX,12/15/2022 12:58,8,29.77660024,3,Kibera
SGMUJTSX,12/15/2022 12:58,8,29.77660024,3,Kibera
SGMUJTSX,12/15/2022 12:58,8,8.799832518,3,Kibera
SGMUJTSX,12/15/2022 12:58,8,8.799832518,3,Kibera
SGMUJTSX,12/15/2022 12:58,7,8.799832518,3,Kibera
SGMUJTSX,12/15/2022 12:58,8,8.799832518,3,Kibera
SGMUJTSX,12/15/2022 12:58,7,8.799832518,3,Kibera
SGMUJTSX,12/15/2022 12:58,8,8.799832518,3,Kibera
SGMUJTSX,12/15/2022 12:58,9,8.799832518,3,Kibera
SGMUJTSX,12/15/2022 12:59,9,8.799832518,3,Kibera
SGMUJTSX,12/15/2022 12:59,8,8.799832518,3,Kibera
SGMUJTSX,12/15/2022 12:59,8,8.799832518,3,Kibera
SGMUJTSX,12/15/2022 12:59,9,8.799832518,3,Kibera
SGMUJTSX,12/15/2022 12:59,10,8.799832518,3,Kibera
SGMUJTSX,12/15/2022 12:59,10,8.799832518,3,Kibera
SGMUJTSX,12/15/2022 12:59,10,8.799832518,3,Kibera
SGMUJTSX,12/15/2022 12:59,10,8.799832518,3,Kibera
SGMUJTSX,12/15/2022 12:59,10,8.799832518,3,Kibera
SGMUJTSX,12/15/2022 12:59,10,8.799832518,3,Kibera
SGMUJTSX,12/15/2022 12:59,9,8.799832518,3,Kibera
SGMUJTSX,12/15/2022 12:59,10,8.799832518,3,Kibera
SGMUJTSX,12/15/2022 12:59,10,8.799832518,3,Kibera
SGMUJTSX,12/15/2022 12:59,10,8.799832518,3,Kibera
SGMUJTSX,12/15/2022 12:59,11,8.799832518,3,Kibera
SGMUJTSX,12/15/2022 12:59,10,8.799832518,3,Kibera
SGMUJTSX,12/15/2022 13:00,10,8.799832518,3,Kibera
SGMUJTSX,12/15/2022 13:00,10,8.799832518,3,Kibera
SGMUJTSX,12/15/2022 13:00,9,8.799832518,3,Kibera
SGMUJTSX,12/15/2022 13:00,9,8.799832518,3,Kibera
SGMUJTSX,12/15/2022 13:00,8,8.799832518,3,Kibera
SGMUJTSX,12/15/2022 13:00,8,8.799832518,3,Kibera
SGMUJTSX,12/15/2022 13:00,8,8.799832518,3,Kibera
SGMUJTSX,12/15/2022 13:00,8,8.799832518,3,Kibera
SGMUJTSX,12/15/2022 13:00,14,8.799832518,3,Kibera
SGMUJTSX,12/15/2022 13:00,11,8.799832518,3,Kibera
SGMUJTSX,12/15/2022 13:00,17,8.799832518,3,Kibera
SGMUJTSX,12/15/2022 13:00,12,15.13985979,3,Kibera
SGMUJTSX,12/15/2022 13:01,37,19.30141042,3,Kibera
SGMUJTSX,12/15/2022 13:01,34,21.1043838,3,Kibera
SGMUJTSX,12/15/2022 13:01,34,21.1043838,3,Kibera
XUKLXPXF,12/15/2022 12:56,15,5.651076224,3,Kibera
XUKLXPXF,12/15/2022 12:56,8,7.556331628,3,Kibera
